amounts_id,cost,profit,item_price,amount,quantity,order_id
1,73.21000000000004,1172.0,18.3,1245.21,4,48af2fb9-b563-4820-9949-3b196eee9e71
2,393.66999999999996,145.0,20.72,538.67,19,baea1f94-a206-418d-a906-50af5e5cfc82
3,1243.84,37.0,88.85,1280.84,14,6d57f861-0686-41dd-80bb-b2e8f7eb7773
4,505.55999999999995,26.0,56.17,531.56,9,45b9e16a-dd3b-4e4d-a356-feb18703eef9
5,480.5,701.0,68.64,1181.5,7,29c8c746-47fb-415c-8ffe-3a1748b5f3b8
6,694.9000000000001,669.0,138.98,1363.9,5,4618d2d6-16ad-4cbe-8130-536d5bcb9c77
7,594.49,245.0,66.05,839.49,9,77c64b98-4db4-4531-be4c-aad625ff9b75
8,188.3800000000001,1210.0,188.38,1398.38,1,73f850bb-e693-42c3-8116-2bba4ad9f411
9,82.71000000000004,1007.0,8.27,1089.71,10,c38134de-8d10-437c-81aa-62ec5b3902f6
10,428.5899999999999,948.0,85.72,1376.59,5,2387c36a-51f0-48c6-90e0-8e318418cf67
11,592.34,142.0,49.36,734.34,12,f266d4d8-0898-4f0c-8d67-efdc0fa1616e
12,486.13,96.0,32.41,582.13,15,220f8b9e-b01f-4ae6-8096-a8533cd971db
13,1072.26,223.0,59.57,1295.26,18,2f2ba5c5-125c-4677-a147-a5b3a0c436ad
14,96.56999999999994,1029.0,6.04,1125.57,16,85b1fc5d-7694-47d9-9536-f7eb622a526c
15,789.94,334.0,46.47,1123.94,17,f770d0f5-72a1-4dca-940c-c77b05ed7c13
16,624.46,417.0,156.12,1041.46,4,8ba6dce2-436a-47cd-8ec1-b4f31acd05d9
17,280.14,371.0,280.14,651.14,1,12c44860-dd19-4add-9c14-802fa52e01ec
18,418.28,877.0,83.66,1295.28,5,e654ea81-4d22-4a2a-98cb-ac10fd31d69e
19,158.29999999999995,706.0,52.77,864.3,3,2b27302e-4318-4857-8865-2e7b04229757
20,294.04999999999995,715.0,17.3,1009.05,17,5db3bf1a-0dbe-4f8a-af13-b5c8c40abd61
21,492.1199999999999,894.0,41.01,1386.12,12,8fdbdbec-7d8d-4a88-9796-d61cfe41d664
22,438.9000000000001,699.0,27.43,1137.9,16,bde78948-e665-464c-b33f-bd35a47e81b1
23,364.26,565.0,40.47,929.26,9,ad55cea4-0a36-4e5b-adda-2402b9296142
24,35.83000000000004,592.0,8.96,627.83,4,ece98e56-4160-4be9-9045-e58f4d2d8e77
25,1223.89,23.0,1223.89,1246.89,1,48eff79e-89dd-4cc8-908d-e725af5df1a7
26,205.83000000000004,512.0,102.92,717.83,2,086d4cb9-561d-4d0e-bfb4-baa02205bfb1
27,716.6600000000001,653.0,59.72,1369.66,12,33a634b6-7b2a-4ad0-8a05-04918dd7c738
28,1308.15,34.0,145.35,1342.15,9,7988195a-b0e2-42a7-940b-68b59a442759
29,120.25999999999999,465.0,24.05,585.26,5,4b54b7f6-2250-45e4-b7b5-df680bd60d12
30,770.06,643.0,110.01,1413.06,7,48279286-6008-49f8-a839-3209c3440ec1
31,478.52,93.0,68.36,571.52,7,33d36aae-957e-438e-9bd5-cc92616e43c3
32,838.01,135.0,119.72,973.01,7,76ce936d-2bf7-4573-9031-4df46a7a02af
33,321.13,675.0,80.28,996.13,4,52f27073-01b0-4d1a-9d44-b6a9291877c4
34,456.78999999999996,113.0,41.53,569.79,11,c722638a-3d2a-42d6-bc2e-3033cd38e13a
35,471.5799999999999,633.0,471.58,1104.58,1,175ae188-f8c5-4f00-b9fa-d2527b010693
36,359.38,401.0,179.69,760.38,2,12ebeb49-a74e-4251-9f6a-9c98aa8f028f
37,263.8599999999999,1157.0,18.85,1420.86,14,7c02a0cb-2d94-4874-94b2-2eba58b97d27
38,934.3,466.0,116.79,1400.3,8,f2f5df46-567c-4c8f-a04e-7d3bf29203b1
39,1012.3900000000001,182.0,337.46,1194.39,3,3fa4f939-6571-4ec2-a521-1984a740e26e
40,1066.02,139.0,71.07,1205.02,15,466d0e1b-87ba-4868-bca9-4452c93ef5a3
41,477.26,621.0,25.12,1098.26,19,de1045b0-02c7-40bc-a8f3-1be9d1cdd2fa
42,413.78999999999996,706.0,25.86,1119.79,16,87736d8a-bce2-4dc2-a434-c62403633f36
43,1175.8,110.0,195.97,1285.8,6,658b157e-9ed0-455c-86dc-aba3259b0fe1
44,287.15999999999997,696.0,47.86,983.16,6,2f55cd60-8da7-4b00-9f68-996716fa069d
45,651.18,341.0,217.06,992.18,3,506f47c3-9ec8-4e47-b2fc-a2d6635fd353
46,354.5,638.0,22.16,992.5,16,32ef78a3-fa19-4a6a-8d81-d8918443afef
47,563.44,164.0,56.34,727.44,10,1de009ed-5988-4d8b-a938-d7e74d7acd1a
48,721.81,237.0,721.81,958.81,1,0382083a-96f9-4249-86b1-e3965210d0bf
49,208.89999999999998,475.0,20.89,683.9,10,0b0ebdc5-ffda-4fa6-82bd-b0ce1d6ea0af
50,391.99,697.0,65.33,1088.99,6,de8b5df7-55d3-428a-9b83-ebb8e18f54c5
51,331.99,193.0,110.66,524.99,3,affa490d-4421-4f7b-9071-b02df1c6694d
52,750.04,39.0,250.01,789.04,3,c9a62ec1-827c-44b4-b753-d60d335c0a0f
53,1289.43,168.0,1289.43,1457.43,1,4b4d3431-7500-4a76-b169-6fec410c6d10
54,124.63999999999999,564.0,6.92,688.64,18,26ecf31c-2302-4178-a6e1-7bd084fcd01e
55,830.66,39.0,75.51,869.66,11,fdbcce8d-d45e-48b0-8736-af65f6748256
56,177.25,1240.0,19.69,1417.25,9,ffbe4325-4f05-45e7-8c43-8fd49003a882
57,352.78999999999996,228.0,29.4,580.79,12,f604f802-c6fa-4eb4-9c92-a38d3818fa00
58,308.04999999999995,916.0,34.23,1224.05,9,3414de4c-8555-45b8-8626-bae6db80515e
59,595.8699999999999,587.0,85.12,1182.87,7,84bcffd8-b381-42e7-924d-c0408ff9ef59
60,628.55,393.0,34.92,1021.55,18,b0019310-2d1a-4a59-9a13-1f5bd7727ea5
61,354.80999999999995,1068.0,18.67,1422.81,19,551bf952-9eb3-4c62-a16b-f9717b5681dc
62,70.24000000000001,757.0,14.05,827.24,5,eed78e92-146d-4b1c-a412-9e15eb44458c
63,198.40999999999997,552.0,12.4,750.41,16,d546af0a-4c33-4fd2-bfed-1054209d6bed
64,582.62,105.0,48.55,687.62,12,01f4d1de-bdb5-402d-b016-70e83cd3ef65
65,930.1400000000001,339.0,62.01,1269.14,15,99fee813-41ad-4111-9fff-72effef07500
66,169.8900000000001,931.0,169.89,1100.89,1,e36a6401-eafe-4aeb-a763-1dc0ad9d3dc3
67,1167.35,176.0,68.67,1343.35,17,dae43770-c40c-4480-ba5d-ecb0dac95978
68,164.20000000000005,368.0,164.2,532.2,1,bfab7bcf-57a1-4405-8d59-81b594520336
69,473.9,446.0,94.78,919.9,5,833fc5d5-4a8c-400d-9b43-c7147fffcba4
70,478.15,292.0,25.17,770.15,19,b2f6736e-c08a-48de-95b2-c90a4c582a42
71,504.46000000000004,855.0,28.03,1359.46,18,878b46b0-ab98-442f-b2be-014992fb8718
72,606.86,331.0,40.46,937.86,15,06e26172-c57b-46ac-abf5-268a81650f41
73,354.01,528.0,177.0,882.01,2,9349c74d-3a81-4d9d-aafd-4b8c6923f251
74,506.03999999999996,825.0,168.68,1331.04,3,4f57b82f-9230-49c7-8d46-5475971533c1
75,968.13,23.0,64.54,991.13,15,8e57300d-fa85-4655-bf39-4324cccacd0b
76,98.58999999999992,1080.0,19.72,1178.59,5,0bc1f1d1-ede3-4483-8325-3a6aafbe67d2
77,858.04,268.0,45.16,1126.04,19,f05eb946-ac53-4f9c-8eab-1672ddb4331c
78,688.6,313.0,40.51,1001.6,17,384102da-c1ac-42eb-bce4-c6351574a209
79,277.88,247.0,277.88,524.88,1,41fd275e-5d06-4816-84d8-a675845ed7bf
80,802.7,192.0,61.75,994.7,13,12d3b8d8-6495-449c-84f1-8b03dd9ade6b
81,327.93000000000006,921.0,36.44,1248.93,9,e4822848-6b07-4fd1-a557-bf682d113f1a
82,864.76,176.0,432.38,1040.76,2,347a19f3-e481-48e3-a6ed-3d3a9be21697
83,561.66,201.0,187.22,762.66,3,c8e0223d-3901-4b52-a5cc-e3e2e0a0089c
84,263.02,758.0,65.76,1021.02,4,6c14951c-57aa-414a-964f-5c9f318d1698
85,72.69000000000005,1408.0,18.17,1480.69,4,35ea138a-1d0d-4855-b0c1-d88f591aaaff
86,701.79,382.0,701.79,1083.79,1,a22906af-fcdc-4abb-b28e-0d29e344c9cf
87,561.3199999999999,489.0,70.16,1050.32,8,cee7784e-ea48-4287-9fd1-3961837b4298
88,61.60000000000002,561.0,8.8,622.6,7,5e113ecf-31b8-4c99-bdda-7121e585e208
89,533.28,290.0,41.02,823.28,13,62508df4-23c2-4fb2-a8c2-631d3e0c2977
90,352.55999999999995,903.0,58.76,1255.56,6,4ce5820e-1cd7-48d4-98ef-4e0e80cfb7e3
91,179.26999999999998,380.0,9.96,559.27,18,2d27132f-e3a6-4e29-b05a-1ca0e898970e
92,213.66999999999996,591.0,15.26,804.67,14,52160d91-8755-4c0f-878b-7e293be98dbc
93,308.6199999999999,781.0,19.29,1089.62,16,8be318b2-48eb-437d-ace4-9b0ead20a043
94,108.59000000000003,474.0,10.86,582.59,10,af949c68-f850-4032-b72f-09fe78f7740c
95,516.0699999999999,972.0,73.72,1488.07,7,db4788f3-c608-4d4e-a07c-4925fa123637
96,823.0999999999999,480.0,51.44,1303.1,16,73b648cc-e33a-451e-b507-26643375ca69
97,1022.3499999999999,261.0,63.9,1283.35,16,fc39d272-e274-49f8-8cdc-fd6209c87aae
98,26.279999999999973,785.0,1.64,811.28,16,39a093a2-102f-4125-afe3-d1f27129f8d0
99,279.48,936.0,279.48,1215.48,1,4d2cc068-a291-49ae-b67b-d0e3cd734a8e
100,343.34000000000003,177.0,24.52,520.34,14,3010baef-fcfa-465a-b157-3791c81e2776
101,482.52,114.0,96.5,596.52,5,cbd24168-4bcc-431f-966a-181839433f5d
102,141.48000000000002,1314.0,10.88,1455.48,13,81248bf8-628e-4211-9b48-0a1235d6505b
103,79.54999999999995,582.0,4.97,661.55,16,76bb7e29-3024-4886-80c4-2233c57da734
104,502.63,9.0,50.26,511.63,10,aa51adff-f3c7-4215-9169-d9d2d4f63f02
105,1041.21,299.0,86.77,1340.21,12,3db96913-4683-4f16-bb0a-5c7c5d9ba5c8
106,968.76,149.0,968.76,1117.76,1,a9ccf152-ea78-4077-bedb-8b84008382b8
107,225.15999999999997,298.0,13.24,523.16,17,d9e31d36-3861-47c4-a16c-4634e62f4d1f
108,361.49,960.0,60.25,1321.49,6,50b5dd07-4571-43c3-8266-e0b084080f3d
109,501.71000000000004,375.0,167.24,876.71,3,eaa8546e-8ccd-4572-8bb0-01f69f5df030
110,164.6400000000001,1131.0,9.68,1295.64,17,b9a26637-c152-44ff-a122-e9d532818ffb
111,922.51,183.0,92.25,1105.51,10,8ee01da3-97fc-418b-9eca-676ff3745de6
112,751.14,79.0,39.53,830.14,19,e296cdde-326c-4c8b-ba99-23ce0683e320
113,440.17999999999995,366.0,440.18,806.18,1,32285efa-f20b-41bd-b672-07a2fff534ec
114,1300.71,26.0,92.91,1326.71,14,e2ae1797-783e-4b51-8217-50bf9028ed58
115,73.34999999999991,1234.0,18.34,1307.35,4,6a279fe4-156c-46b8-a5b1-e4684e8cc079
116,568.64,179.0,40.62,747.64,14,6fc106e1-2069-4ae8-94c6-03d85a0a67c4
117,1309.22,84.0,68.91,1393.22,19,d4639069-6080-4fe9-8cef-887788608e34
118,90.86000000000001,757.0,18.17,847.86,5,e7f4c7db-043b-45b3-ae72-baf0181400ad
119,1032.73,86.0,86.06,1118.73,12,c964433e-e365-4d23-a57c-3e4041be2566
120,350.41999999999996,431.0,35.04,781.42,10,aa40bc8f-7491-4357-b725-12f4486bbbcf
121,179.62,504.0,16.33,683.62,11,432bad63-3c33-4054-bb40-e5869d8ef872
122,640.51,689.0,45.75,1329.51,14,ac791410-6117-4708-821d-92d38029dccf
123,709.5999999999999,497.0,39.42,1206.6,18,03e89e29-4f78-47fc-a318-c18daa8a2015
124,353.92999999999995,632.0,22.12,985.93,16,f104bb3b-7a05-416f-a24c-30e13bd63b52
125,187.56999999999994,1003.0,11.03,1190.57,17,346e820c-28eb-4de0-b1d7-9cd20f15a179
126,545.0,279.0,41.92,824.0,13,ba8f2c18-74c3-4c53-8bd1-ee71b8b52a28
127,582.3,113.0,44.79,695.3,13,bdca3796-249f-467d-b934-be98cec814dd
128,1108.3,148.0,123.14,1256.3,9,fad734de-2dd6-48b9-83d0-94a1a401670e
129,284.78999999999996,1103.0,14.99,1387.79,19,8230c5b0-c8af-4df0-aab9-d60fe4c6a86d
130,587.05,140.0,146.76,727.05,4,b7337008-583b-4fae-8fe2-fd19d93d0c90
131,154.89999999999998,603.0,14.08,757.9,11,f73323d6-a9bf-4f1d-b900-4d56c174d2cc
132,1152.72,46.0,128.08,1198.72,9,add13dd8-0a29-4a63-8a48-fd98f398b3b9
133,455.38,103.0,227.69,558.38,2,cf3d9fb5-09ad-4503-9a25-e234525d8e23
134,1161.09,185.0,580.54,1346.09,2,77bb92c7-7579-49a4-a6f4-5b06a94fce78
135,481.71000000000004,186.0,43.79,667.71,11,39158fa6-61f2-4790-a371-de7ade76af45
136,347.29999999999995,244.0,24.81,591.3,14,93921507-b05d-4f32-891f-5a4b5b2159d7
137,144.30999999999995,882.0,13.12,1026.31,11,c0053f90-90d1-4266-bb4d-94a59927114f
138,482.07,22.0,160.69,504.07,3,3f763149-8946-4767-88e7-9a4182fceb6e
139,477.95000000000005,87.0,95.59,564.95,5,cf56bfec-2714-49e0-bbd0-dcca8e83bc9a
140,1055.33,288.0,70.36,1343.33,15,6d767b82-64c6-4eb6-9f58-79a4ecb0a1a3
141,628.47,216.0,125.69,844.47,5,aa2ce9ca-17de-4589-9c08-07c2df76bf88
142,765.91,167.0,40.31,932.91,19,063598d5-1b27-4807-a2d7-b43c966256b2
143,193.58000000000004,430.0,21.51,623.58,9,b3b0aa66-2f24-4d78-8fce-0213bebbf9b7
144,496.94000000000005,984.0,29.23,1480.94,17,b47c74c9-b547-447e-a6f4-3bda734d701d
145,863.53,550.0,172.71,1413.53,5,9e970f65-c4b6-4eb6-9d8d-0b57d21ba003
146,561.69,344.0,43.21,905.69,13,0dd0bbef-42a2-4bb4-b946-a0ce0cecbea6
147,280.1400000000001,891.0,25.47,1171.14,11,0e51dbc8-58ac-4247-bc78-2a5c4e4b92cd
148,186.49,404.0,18.65,590.49,10,cab2debc-cff1-40e0-8e36-9792cc509be9
149,275.44000000000005,890.0,275.44,1165.44,1,651b7c00-68d3-41fb-a174-08818683185b
150,319.3900000000001,945.0,159.7,1264.39,2,82d66de7-5bad-4b14-9c67-c0d4211f5a04
151,21.75,836.0,1.36,857.75,16,a6c696fe-92c5-4404-9483-dd2846410854
152,45.47000000000003,934.0,7.58,979.47,6,68251cd7-2936-45e3-b23e-7c6f33d88395
153,687.3199999999999,536.0,85.92,1223.32,8,0248b7ad-63aa-4027-bdda-8df2adc79fc4
154,662.6700000000001,617.0,38.98,1279.67,17,3c53084c-713e-4ca4-b703-bc30886b3541
155,1388.27,53.0,138.83,1441.27,10,0a2dee90-b18c-4b48-8b32-fb777d234554
156,928.9000000000001,402.0,66.35,1330.9,14,b114ab96-9770-466b-aca2-21cec73f33ee
157,141.57000000000005,404.0,9.44,545.57,15,4a54863b-633a-4846-8a9f-39fbfc425cff
158,608.98,728.0,202.99,1336.98,3,b09d0edf-f6f4-491b-8123-a49df1e2be2e
159,749.8,130.0,39.46,879.8,19,e374b259-e90c-4807-bef0-018ea50500bf
160,771.99,683.0,386.0,1454.99,2,0b0cded5-fdf4-46ad-b74e-b8bc3d6313b6
161,180.80999999999995,469.0,11.3,649.81,16,0966b703-de9e-4e0a-992a-a100451e73d2
162,779.19,247.0,51.95,1026.19,15,f0d13fb7-e550-4391-91fb-59aa63c6bcf6
163,228.30999999999995,486.0,114.15,714.31,2,517d3f96-eacc-456e-9ea7-f2245d661fb4
164,390.72,160.0,65.12,550.72,6,c78a918a-9052-4272-a369-a9e95a9ae414
165,92.93000000000006,1379.0,6.2,1471.93,15,d496c2f4-c54b-4686-8151-9f4eb07301da
166,1134.8,251.0,226.96,1385.8,5,a6f13a28-3645-46ae-a376-d9584d734a03
167,908.0899999999999,550.0,227.02,1458.09,4,3eac4886-9b33-4b6f-b11b-35097cf8d4e4
168,141.47000000000003,1304.0,23.58,1445.47,6,97707a57-b7d5-44dc-a626-2717601b001b
169,209.76999999999998,343.0,23.31,552.77,9,7ece9685-f60b-4bba-956f-d141f3888dca
170,424.49,379.0,42.45,803.49,10,ac5f13ca-02aa-4fa1-8e73-d8af7e431918
171,660.47,225.0,34.76,885.47,19,5f625119-2b21-4e8e-b955-27569cf64995
172,488.33000000000004,341.0,40.69,829.33,12,d135e304-b0c8-4843-886e-36efefba8a95
173,43.25,519.0,4.81,562.25,9,cbb77987-391d-46b1-ba5c-52d1b55cd480
174,854.4300000000001,361.0,427.22,1215.43,2,806cdb1c-4987-468e-83ad-a03d73b709be
175,111.66000000000008,1252.0,6.2,1363.66,18,4628f92a-e28a-44fc-bd74-86eabde9fa4c
176,400.90999999999997,382.0,40.09,782.91,10,98ac77e7-69b7-43e0-9311-aaa2b535783f
177,506.96000000000004,891.0,31.68,1397.96,16,fd65ca32-4882-4d19-9f82-80a3f12f64ff
178,217.26999999999998,339.0,12.07,556.27,18,6038ea85-2351-442d-ad1b-87449367e417
179,362.01,231.0,72.4,593.01,5,8a31256f-cf64-448b-982a-e8a381c1ec26
180,229.53999999999996,1042.0,114.77,1271.54,2,d743693c-eb82-4e92-9b01-a007d89ca53c
181,57.09000000000003,713.0,9.52,770.09,6,71ee081a-0912-4a46-aa88-da792c3f55ee
182,370.3499999999999,662.0,20.57,1032.35,18,be69a4f7-b38b-43c7-ae62-1ff4a2244650
183,1164.75,73.0,145.59,1237.75,8,bf026413-10c2-4d44-b2ce-e49db15f15d4
184,39.200000000000045,741.0,4.9,780.2,8,7dd14bee-677a-4996-84b1-f5407d6738fb
185,1136.72,241.0,284.18,1377.72,4,1b52bfae-c271-4ee1-a607-074e60237b10
186,148.69000000000005,521.0,10.62,669.69,14,3d9a2e29-74a8-4b22-b47a-1c683630d5da
187,238.14,579.0,119.07,817.14,2,293371bc-8729-4f12-a7df-87bfc36e2b3d
188,513.28,449.0,36.66,962.28,14,562a6951-f658-4df2-8f30-1415d3823e11
189,740.33,184.0,49.36,924.33,15,badb456c-69b8-49e3-a2b1-a0c04f81fffb
190,610.71,853.0,203.57,1463.71,3,8550da96-76c2-4e35-9648-6656587ff118
191,394.95000000000005,935.0,24.68,1329.95,16,97b365b1-860b-4333-989b-150b135834a7
192,1155.57,308.0,231.11,1463.57,5,18a5c6b7-c2cf-4e6c-85e8-9680c7a4ff73
193,722.4200000000001,403.0,240.81,1125.42,3,aa9bf7e0-3d24-42d7-9fed-b3b3b579d4b6
194,303.84000000000003,450.0,15.99,753.84,19,458cc147-3a96-4e38-8052-273ce115b196
195,434.07000000000005,399.0,25.53,833.07,17,659ae3c6-ae0e-4cda-9473-8d25400d7c3f
196,100.69999999999999,408.0,25.17,508.7,4,2f22eb35-cb40-4f7a-a72b-57aafa1bd423
197,668.51,712.0,83.56,1380.51,8,eeda64e7-e80e-4bb9-9f9c-944d6bd4ab83
198,356.26,596.0,44.53,952.26,8,3209f5f7-9705-49a2-94bf-3a8a1bb0a94e
199,420.80999999999995,118.0,52.6,538.81,8,00a90b43-df14-4326-9e1d-22c0d50be467
200,588.25,364.0,196.08,952.25,3,9ad1f62f-e5ec-435a-87b0-a0995ca697c6
201,403.79999999999995,729.0,50.47,1132.8,8,96203331-a448-4403-978c-428a0c2ac46e
202,371.78999999999996,339.0,53.11,710.79,7,8663f149-38d8-42e3-b2ec-c7b50f9f5dcb
203,127.21000000000004,945.0,7.48,1072.21,17,c5bf10ac-155c-4678-b423-85eff9ad38c5
204,810.41,43.0,810.41,853.41,1,8d1781bf-2c53-4e25-81f7-af80e87d0279
205,114.65999999999997,693.0,6.74,807.66,17,654b82f7-f2d0-46d3-8eef-30633064bfb4
206,239.44000000000005,296.0,119.72,535.44,2,0cd93bdd-6d4b-44fc-930a-f780be196f30
207,853.89,19.0,94.88,872.89,9,bffa6904-ab71-4ff7-a4c1-59eb00135efe
208,505.04999999999995,39.0,36.07,544.05,14,96b388ed-344f-45c3-b26d-f3d56a71b6e6
209,313.77,457.0,39.22,770.77,8,d25d3150-e99a-46c4-a405-f423bd9ec2a4
210,382.4200000000001,962.0,54.63,1344.42,7,c9e2fede-1899-44b6-897f-b4ad5691b940
211,553.33,6.0,50.3,559.33,11,4292eadc-8c95-4535-887c-5e21418d7155
212,681.16,224.0,68.12,905.16,10,5719e958-05e5-4d67-b0c1-233a6d4a9cbe
213,498.49,6.0,83.08,504.49,6,82d81f13-5547-4666-9b2c-40f7fb36a73a
214,1238.89,190.0,154.86,1428.89,8,d980e3f2-7594-4cc5-a82e-3bc033727aba
215,443.1199999999999,743.0,110.78,1186.12,4,f8bc5ca9-8c02-4232-beab-b38123b131d6
216,1147.5,46.0,81.96,1193.5,14,9387aa3d-7650-4026-9a89-c5c5aca1f513
217,795.8699999999999,316.0,61.22,1111.87,13,939b6b3f-fe80-41e7-9551-91890a882e21
218,693.09,87.0,173.27,780.09,4,0410cca9-0225-41da-b63a-17194622108e
219,219.8800000000001,1070.0,36.65,1289.88,6,7a37c489-fff5-4a9b-94a1-5bade445f29d
220,739.8,59.0,123.3,798.8,6,8a2c07b7-065f-42c3-98b9-ad9cd9f53016
221,750.76,25.0,83.42,775.76,9,b9f01ef7-7206-46c4-849f-2e66195b7865
222,997.6400000000001,157.0,62.35,1154.64,16,04379064-0918-4496-a3ba-2799985156fd
223,386.3499999999999,784.0,64.39,1170.35,6,76731ff3-8131-437c-bfe2-3a90d5fd6cd8
224,152.21000000000004,1206.0,13.84,1358.21,11,35eef1f4-ef2e-4f19-a595-842502960557
225,127.40000000000009,1190.0,10.62,1317.4,12,9e1fcdaa-a289-4b98-817e-e461a27a75f6
226,116.11000000000001,670.0,9.68,786.11,12,957738f3-db22-4d91-a9d7-ce8fa4f9b167
227,379.02,842.0,379.02,1221.02,1,7b261ec5-a6db-491c-b2b7-eb940440d852
228,322.86,313.0,107.62,635.86,3,f12d66fe-ba74-4246-a571-a50a6829ddb9
229,469.3599999999999,663.0,234.68,1132.36,2,c9d0a5ef-87b9-4cb1-9266-3a88890d80a7
230,570.96,130.0,63.44,700.96,9,caf98130-beda-4cb8-a209-303371059589
231,335.8800000000001,1156.0,17.68,1491.88,19,e373b97e-a286-43c9-89d0-ccd67e9e76da
232,941.1099999999999,161.0,134.44,1102.11,7,9575ddea-c87a-495d-aae8-c3a8e837c65f
233,589.42,371.0,34.67,960.42,17,a21b9000-5c0d-42bf-84c9-fcf08bb94846
234,46.60000000000002,481.0,23.3,527.6,2,dcd16eb9-9eb6-4a9d-bd33-a5deefae92c4
235,164.8800000000001,944.0,16.49,1108.88,10,93ca3f73-0f29-4458-8b13-d2cfb68d9e61
236,243.25,480.0,48.65,723.25,5,1886d67a-0fe9-4181-b23d-32f95d82bb3c
237,38.190000000000055,876.0,4.24,914.19,9,1a0b5fe8-7aaa-4e08-9af9-cf12e9abe94c
238,1048.67,63.0,116.52,1111.67,9,ff72bb73-4254-45f9-8c18-f8ed2671f7ee
239,232.58999999999992,1261.0,13.68,1493.59,17,2f2c800f-f351-4380-b6ba-155db0d2dc27
240,357.95000000000005,763.0,357.95,1120.95,1,7e20e705-979c-4c27-ac1c-0c3bc8a2ae40
241,342.1700000000001,1134.0,24.44,1476.17,14,7800cf61-b954-45b6-962d-1604c0532e9d
242,715.46,258.0,44.72,973.46,16,9533d1ac-ab30-48c8-93b8-cfb9eb60b5df
243,1000.5799999999999,449.0,71.47,1449.58,14,df0afcdf-a098-4d56-9ccd-87e6448f18a7
244,32.99000000000001,638.0,1.94,670.99,17,8f57d756-868d-4e1d-8736-3dacf2fa6a2a
245,183.46000000000004,1001.0,183.46,1184.46,1,8c284586-f2d4-425e-99dc-a0e616658820
246,388.11,475.0,388.11,863.11,1,0331bd9b-ec1d-49b7-b9cf-d1ff1be60928
247,751.31,625.0,44.19,1376.31,17,196f2e89-9535-40c6-8daa-a684eef05b89
248,1023.6500000000001,401.0,53.88,1424.65,19,43222043-19bb-4a8a-9106-0de1856f94e7
249,490.17999999999995,120.0,98.04,610.18,5,428d1bc2-ebd6-4247-90ad-b7592cd0457d
250,125.88,582.0,41.96,707.88,3,5b01aa8a-527d-4f49-8601-3fd169b509a9
251,899.01,369.0,299.67,1268.01,3,321ac62e-4471-4192-b914-8eb3f994f3cc
252,210.6400000000001,1010.0,105.32,1220.64,2,96967484-b265-4cfb-a2cc-8133b0b9fe2f
253,508.47,102.0,33.9,610.47,15,6eee08fb-2ab2-4de3-a076-1265272cd59a
254,88.43000000000006,1203.0,8.84,1291.43,10,07cb4766-7a9a-417a-8a93-4f0a6b1ef949
255,152.76999999999998,1242.0,9.55,1394.77,16,830cbee0-a754-4411-bbcc-ed0202574c48
256,261.95000000000005,1008.0,87.32,1269.95,3,03773482-deaa-49b1-958b-4e2925fa5ed1
257,195.34000000000003,428.0,97.67,623.34,2,12cc17c2-6270-4c82-a231-1d709d9c9520
258,376.62,154.0,53.8,530.62,7,cdd9ac7a-4b9d-4d15-bfbd-efd7470cbae3
259,1387.72,36.0,86.73,1423.72,16,d44e8396-69c1-4006-973d-f17443b0cc59
260,150.21000000000004,638.0,9.39,788.21,16,5c61992e-8afc-4e05-beb9-589e250fd83e
261,288.32000000000005,719.0,32.04,1007.32,9,b19e1566-fd12-4e7c-8a98-60424809f53c
262,57.41999999999996,486.0,19.14,543.42,3,f8743ac0-f612-44a3-b9b8-2c68a41195f8
263,248.71000000000004,701.0,35.53,949.71,7,3e71e9cc-8a3d-43bf-95dd-491af1e4710a
264,199.25,1210.0,39.85,1409.25,5,ef258dcc-b6b7-4e39-b510-0faa18fca523
265,488.1600000000001,824.0,54.24,1312.16,9,355efd64-4913-4800-8817-81de690e2b2b
266,96.75999999999999,732.0,13.82,828.76,7,91acb102-1afb-492e-91a8-05e1737025d5
267,676.45,314.0,56.37,990.45,12,8124fe83-f729-4af8-a286-1254b2bec36a
268,85.59999999999991,1080.0,4.51,1165.6,19,b4bca256-441c-44e9-a1a8-8484b87ab28c
269,285.6199999999999,1196.0,31.74,1481.62,9,4d25e72c-8a45-4030-bf15-b8a68f9f0872
270,452.3499999999999,1012.0,56.54,1464.35,8,5d61836b-c8a0-4f27-84b6-35a14e7d56e3
271,305.88,440.0,20.39,745.88,15,60259b62-87b7-46ad-9847-bfae78eb3aef
272,632.75,229.0,210.92,861.75,3,6d74c53e-e09c-480c-b084-e8b03f431f3b
273,493.63,132.0,98.73,625.63,5,03746480-3d1d-4a3f-a142-e56268ee848d
274,453.05999999999995,728.0,28.32,1181.06,16,4fd5b9ea-3177-4693-9cbc-ab5e85e00372
275,49.15999999999997,808.0,3.78,857.16,13,f792a257-be44-4dc0-887f-4684a41ec9c7
276,1353.89,69.0,79.64,1422.89,17,07972daf-129b-4426-a07b-ca222bd61718
277,56.10000000000002,936.0,3.3,992.1,17,624afb7e-5105-4ad3-a542-92fa8a316a01
278,1111.8,385.0,158.83,1496.8,7,a3b7bf54-02e2-4c87-bef7-358a6d5be4dd
279,783.72,115.0,65.31,898.72,12,9312d97f-5c43-4031-b036-d10eaa24d24d
280,765.92,203.0,58.92,968.92,13,011cacfa-2d26-4605-863f-c9cadb014e68
281,863.83,155.0,215.96,1018.83,4,b00351ec-e55f-485e-b026-b8b89838ff77
282,1314.65,156.0,93.9,1470.65,14,7865b1ba-e462-470e-bc6c-bc38aa3bdf51
283,552.8800000000001,602.0,138.22,1154.88,4,3d8e3f8e-6dd5-4c13-a461-eb1168ffec5a
284,94.56999999999994,960.0,47.28,1054.57,2,543991e6-d8cb-4c95-920f-8e8e104480c1
285,411.6500000000001,1056.0,205.83,1467.65,2,f771508f-088e-43c4-97b2-f53d1d6e00bd
286,1245.13,102.0,415.04,1347.13,3,210e6d88-868b-4e46-b11f-8343b929228e
287,563.02,42.0,62.56,605.02,9,13bde347-32e0-488d-96ff-bb1864367936
288,390.26,491.0,390.26,881.26,1,be8c3e68-8da6-4036-8d31-c0b52bb3a25b
289,1328.54,79.0,69.92,1407.54,19,89fe5b48-45e7-4d4e-b0b1-169c3d290737
290,534.06,672.0,59.34,1206.06,9,0cd0036c-7fa7-4f9b-bb28-bc8133f9ec7b
291,170.47000000000003,678.0,13.11,848.47,13,0c1d570d-7753-4153-9124-fd87a5ad6312
292,770.73,547.0,45.34,1317.73,17,590444f1-8692-425b-9f9e-cbc2d9ef432d
293,874.77,103.0,124.97,977.77,7,b4f11f29-c85d-4df7-b1c6-4a44ef3fccbe
294,566.47,118.0,29.81,684.47,19,f51895eb-aea4-42db-b65d-62634c6eeaca
295,416.11,195.0,416.11,611.11,1,3fa17325-eab3-4226-a222-366c9c1bf2d8
296,328.27,468.0,65.65,796.27,5,0c52f121-f8d1-45e0-b445-8a62dd3cf53a
297,576.5,394.0,30.34,970.5,19,fdf2574b-cfc3-4027-ae32-2b5d496c3545
298,663.5999999999999,449.0,34.93,1112.6,19,be633f8c-4503-4a72-a3d5-093ed8520980
299,829.05,4.0,118.44,833.05,7,13537d28-0769-47e9-8172-39e6333f3916
300,271.6400000000001,920.0,20.9,1191.64,13,64f0c274-b0cc-4b77-a669-9bf40af84611
301,620.33,126.0,44.31,746.33,14,0aec047f-1e35-4fef-8aa4-198cd2e1dde2
302,1250.46,227.0,156.31,1477.46,8,c70c4590-5c53-4216-ae36-eef2711a3b06
303,12.649999999999977,797.0,0.79,809.65,16,926a6ade-05c3-4e04-a930-07cbc6125965
304,412.94000000000005,165.0,103.24,577.94,4,ac8d5f0d-7afe-462f-b69b-4056412543d6
305,415.24,310.0,23.07,725.24,18,0e0a11df-8924-486b-a453-1afa828428c0
306,178.17999999999995,809.0,44.54,987.18,4,597b1468-fa10-4e65-9be9-107b23143311
307,946.72,391.0,86.07,1337.72,11,e7d50933-49e5-4c58-9ac6-653311ba0358
308,62.42999999999995,497.0,3.9,559.43,16,cca16e4a-1b6f-49ac-98be-24c05558150e
309,118.58999999999992,1014.0,7.91,1132.59,15,d1e8b035-ad26-444c-99b3-2d502a56f3df
310,483.91999999999996,363.0,32.26,846.92,15,c5ff495a-7e6c-4ae7-8eb7-1f0fe2e87932
311,227.33000000000004,533.0,56.83,760.33,4,eee2c1d8-47b1-4d53-b410-a187ae501a13
312,497.19000000000005,35.0,38.25,532.19,13,941c40ed-cf24-41f7-aa40-aac2b0d8ad25
313,683.98,805.0,97.71,1488.98,7,fff5ab8f-7504-4337-9e38-44c814c4dac9
314,470.6600000000001,631.0,26.15,1101.66,18,790bf0a1-298c-4e80-8c5e-112f88cb9e8b
315,96.58999999999997,411.0,5.68,507.59,17,2993e666-25ff-4172-8dfc-1245e30c8259
316,616.11,265.0,36.24,881.11,17,3c4ac215-bcdf-4ca0-9f41-bc1fb6aad768
317,646.0,476.0,92.29,1122.0,7,9785789e-ee96-4a9b-8ba9-d4af7392705a
318,59.0,455.0,4.92,514.0,12,a2b36ae8-fcf7-4970-b12d-b6f16caa98fc
319,18.129999999999995,513.0,2.59,531.13,7,a3c70f11-5e05-43b5-bead-a72ed89b0e48
320,691.03,782.0,53.16,1473.03,13,03e5cfac-ace0-48d6-b755-457de9036741
321,801.02,647.0,200.26,1448.02,4,4d8e1e24-8762-406f-8e00-e20bfc8e2afa
322,1129.41,262.0,125.49,1391.41,9,6cc38ef1-5a49-418a-b748-dba812049d89
323,1132.52,73.0,141.56,1205.52,8,2e72ac6c-a2a1-4850-b597-305995ff8c30
324,105.74000000000001,723.0,7.05,828.74,15,11a2e0ac-8ca5-433d-a37b-d7d44d6d1707
325,707.77,313.0,707.77,1020.77,1,4610a67b-01ed-4e56-b7f9-8152c4c9bc40
326,271.88,298.0,38.84,569.88,7,ec6a2994-6a6e-424e-bc6c-b396dfd1de08
327,147.95000000000005,1303.0,14.8,1450.95,10,374b6b32-ee40-4b25-8479-d17b52f3261d
328,41.83000000000004,798.0,5.23,839.83,8,8849c069-6c86-4f90-9f5d-38ff09eb6c35
329,456.76,390.0,28.55,846.76,16,256e04b9-51de-4477-bfa4-4a68f0b30b0c
330,407.03,1065.0,135.68,1472.03,3,2da1da02-a93a-4567-ab8c-a2e6a92aedde
331,296.5999999999999,948.0,148.3,1244.6,2,4c75488f-04f6-48b4-ad5a-c8879f163104
332,678.26,103.0,135.65,781.26,5,29a50180-d924-44ba-95b7-c8e47d3e9b36
333,422.30999999999995,859.0,35.19,1281.31,12,8181d44b-403a-49cb-ac0e-f3369e9ae985
334,561.02,515.0,29.53,1076.02,19,769fbf53-9a9e-46ab-b67a-640f8229f47f
335,1025.41,468.0,128.18,1493.41,8,29d8fe53-9e81-4e7a-bf56-61b729dfc325
336,311.26,360.0,25.94,671.26,12,50b8e70b-f9e2-451b-908b-019a6f54a1f9
337,476.65999999999997,428.0,47.67,904.66,10,682ba481-191a-4dbd-8850-068314e8c37b
338,513.0,64.0,32.06,577.0,16,1bdca449-0a86-4c98-8a0e-e9e4c6ff8340
339,672.2,484.0,74.69,1156.2,9,98290d17-ebc1-4e77-80c4-afbcaa484566
340,515.6400000000001,789.0,57.29,1304.64,9,751f30a8-6c63-4320-8205-9a6059b4afb5
341,127.32000000000005,593.0,25.46,720.32,5,2345f817-3d92-4764-b021-dfa7b42e265d
342,536.1099999999999,540.0,268.05,1076.11,2,7028de05-6e61-434a-ba72-0eb1629417a3
343,552.23,29.0,138.06,581.23,4,2709e1d2-8ef1-4a8d-bff1-0496048f07b0
344,515.26,249.0,32.2,764.26,16,d01d2229-f2a6-4d0a-905b-c6f1918d6425
345,82.13999999999999,555.0,20.53,637.14,4,635725f4-e783-499f-94b6-1202195bc914
346,873.21,338.0,145.54,1211.21,6,2aa29f38-89e5-42b7-916e-fd98e73f4836
347,1379.43,52.0,81.14,1431.43,17,d0a4513f-0cc5-40c2-bb4b-6e1634eee20a
348,1287.6,47.0,75.74,1334.6,17,d8674f8e-f479-4d6d-a7b8-d439d3ce6a9c
349,649.1300000000001,724.0,46.37,1373.13,14,34a839da-25ed-48d5-a243-5b2d9d0d5f01
350,413.04999999999995,520.0,45.89,933.05,9,fd6d39c0-0545-4e8d-8034-f6e308c849d1
351,273.65,727.0,136.82,1000.65,2,6078be42-1d87-4fa8-8200-c5c77d911a66
352,771.9200000000001,626.0,42.88,1397.92,18,0a30ef1f-c80b-4ec7-8567-8933d092482b
353,1112.5,213.0,74.17,1325.5,15,0496af48-bba5-46ab-b5de-20b77bf02875
354,1156.52,162.0,385.51,1318.52,3,34bf55d5-5aff-45de-b004-879a7cb11312
355,879.8299999999999,471.0,293.28,1350.83,3,e5d03add-5aee-4a72-a916-a64776bd2eaa
356,720.9000000000001,594.0,120.15,1314.9,6,4bf7e305-3b0c-4b55-bf53-c3203e2323e8
357,189.5,1180.0,11.84,1369.5,16,724c649f-ef62-4b6b-ab27-ba5d98bdffd2
358,255.39,616.0,13.44,871.39,19,72548504-fe6d-4fa1-8629-85b260b1aa40
359,989.0,89.0,141.29,1078.0,7,a6470e83-405a-437a-8d10-fc8eb048faaf
360,171.0,1056.0,10.69,1227.0,16,28d4618d-5d09-45dd-9ad8-eef74402b33a
361,437.52,318.0,25.74,755.52,17,6f47550c-9d89-426a-b32b-630b132824ae
362,1194.9,77.0,1194.9,1271.9,1,052d1344-0d98-461d-a389-971c0cf890ad
363,597.6500000000001,584.0,31.46,1181.65,19,83c55791-85ba-452f-96dc-2a5f6937a5ea
364,115.53999999999996,811.0,8.89,926.54,13,b627e7b1-0e3e-4a2c-bca2-35386cd3daa3
365,484.65,452.0,53.85,936.65,9,3b5ce4de-ed04-484a-9746-fb0b0ff635b4
366,298.37,409.0,99.46,707.37,3,84ba50f2-5b50-43f5-8b66-9671309a2657
367,366.80999999999995,600.0,20.38,966.81,18,81a70693-f890-4a39-b4cc-1d270eab2034
368,364.23,395.0,182.12,759.23,2,496b7a75-0ea9-46ff-ab1d-f9d92ebc1c64
369,1086.99,245.0,72.47,1331.99,15,b959346f-2e68-45c2-9ca0-bf320f9b3dc8
370,562.44,467.0,31.25,1029.44,18,6a0c4c25-4bf6-4195-bf17-6504308590b7
371,489.0,628.0,34.93,1117.0,14,9d702719-f48d-4c4b-9173-ff539fc04eec
372,304.68000000000006,903.0,38.09,1207.68,8,71ca8e95-b9de-47a8-be65-165127e1ff51
373,1007.95,11.0,143.99,1018.95,7,41140c4f-b815-40b9-b74a-b2f0e92bea17
374,1176.43,26.0,69.2,1202.43,17,7c1242f6-51a8-47cb-a74b-09ddfb6e2a90
375,118.38,717.0,19.73,835.38,6,65902188-ccaf-4e33-b3a9-9d861d00adfd
376,287.46000000000004,499.0,22.11,786.46,13,b572f545-2482-47c8-8783-d96d638221db
377,457.70000000000005,1012.0,41.61,1469.7,11,f31f8bd7-11de-42f4-b2db-a672078640df
378,309.54999999999995,361.0,23.81,670.55,13,b88f41dd-7958-4ca1-bf16-2216a4f25b32
379,512.11,49.0,85.35,561.11,6,d328dbd7-e367-4709-b3cf-612f421f8a20
380,113.58000000000004,764.0,12.62,877.58,9,1cca94a5-f05a-474c-8ba3-ff518db36792
381,225.58999999999992,1228.0,37.6,1453.59,6,73f0ccb2-79c3-49df-b8af-0bda47d4e8bd
382,944.76,149.0,314.92,1093.76,3,2a192428-4adb-47c6-bb66-2ea90fad4fcf
383,378.1099999999999,748.0,94.53,1126.11,4,62dc2862-bdb7-42a0-a5bc-db18e730bd3b
384,731.4,228.0,146.28,959.4,5,78dc9826-efe6-4f8c-a402-70e39f384095
385,1228.36,209.0,122.84,1437.36,10,a6f8e1bf-3bd4-404c-9440-be8fc795b09a
386,1023.95,78.0,255.99,1101.95,4,21dc20d1-7b56-4efb-906e-00a9e029af57
387,715.7,754.0,37.67,1469.7,19,28a1e1f1-9399-4da3-a845-35a18f569636
388,337.13,175.0,19.83,512.13,17,43599605-34be-405d-a140-a898f53ba7af
389,506.26,143.0,31.64,649.26,16,c6a6a018-00b3-4672-a78f-e7a1b5bfd5c1
390,463.28,369.0,25.74,832.28,18,b6fc86a0-475b-4c41-9d83-20e92c8d0cd9
391,63.210000000000036,1190.0,12.64,1253.21,5,895fb7b3-3d74-4543-9539-cf71573ace8f
392,775.8499999999999,302.0,43.1,1077.85,18,c758b1c4-835c-4b5f-9dbf-a07811b363d8
393,945.6600000000001,195.0,189.13,1140.66,5,1495ac16-429f-442c-a923-33d0b0216071
394,208.66999999999996,357.0,10.98,565.67,19,0602ab7c-be0f-4fa5-afea-f602d3236c21
395,495.85,470.0,35.42,965.85,14,4d131cc9-4a08-44d5-a427-e5b6c7c3e1d0
396,619.47,830.0,51.62,1449.47,12,d1851ab7-10bf-49f1-b42a-1d79dd28ce12
397,876.26,256.0,46.12,1132.26,19,cb06a060-ec0d-420d-baf0-6247d622c631
398,362.41999999999996,412.0,40.27,774.42,9,2a6af2d7-b113-4acc-ab38-dac90d5200b6
399,735.1700000000001,515.0,147.03,1250.17,5,4a6475a5-a147-46d2-973f-d782f2d599f5
400,210.55999999999995,444.0,14.04,654.56,15,0738134e-ce2c-4946-b52d-ccac5d04d5ff
401,997.4300000000001,433.0,99.74,1430.43,10,d149dd03-a80d-4d09-aed1-e1183e73789b
402,614.68,99.0,55.88,713.68,11,3ef5aa9f-ee28-4188-924f-d70d15e21ed9
403,1150.58,99.0,67.68,1249.58,17,1fe90219-2d97-48f4-9898-399d224b1379
404,33.47000000000003,490.0,16.74,523.47,2,7477d673-10ed-47d5-b950-c76ea94ef44b
405,559.04,766.0,93.17,1325.04,6,e30e6e44-955b-4329-9efc-d0abf302248e
406,380.3599999999999,744.0,34.58,1124.36,11,3bec6423-1698-47c6-85f9-8319748e7a38
407,905.6700000000001,125.0,301.89,1030.67,3,3c7da590-865c-4410-a0e2-4a7786dfeee8
408,446.23,351.0,34.33,797.23,13,0d1dd577-cd39-43a1-83fa-2610cff010f2
409,1270.79,89.0,97.75,1359.79,13,af19cf2d-38d2-43ad-86ed-5c10f1af0287
410,856.3699999999999,356.0,47.58,1212.37,18,ba0651e7-416d-428d-9f47-a16081ea5dc1
411,975.27,398.0,121.91,1373.27,8,468c8cbc-7637-4c8c-b0b7-7c77736a39e3
412,1342.29,67.0,89.49,1409.29,15,5659d0e7-42c8-465d-a80f-a1fe0d740ddf
413,379.33000000000004,255.0,379.33,634.33,1,e14c09ca-3d9e-437f-8b73-db619f02de80
414,448.8900000000001,943.0,49.88,1391.89,9,ed4cafa1-a820-4f43-aadf-5f34ad001e3b
415,334.07000000000005,333.0,66.81,667.07,5,ed9b5c2e-ba69-43d0-b3f7-b1d0cc8a89b7
416,636.46,561.0,159.12,1197.46,4,0bab7ccd-c7e3-4a38-b2dc-9560f40ace26
417,790.74,341.0,98.84,1131.74,8,53d990a4-f7ea-4e48-8075-15d96cd76970
418,271.8900000000001,1058.0,45.32,1329.89,6,c82c1075-a253-4049-8e0f-f345f21fde94
419,210.88,568.0,11.1,778.88,19,4d2c333e-817e-4bbe-a4e9-6f2475ce81eb
420,1073.28,167.0,357.76,1240.28,3,8d783006-74a6-4157-be36-fe7c3638b04a
421,286.07000000000005,282.0,20.43,568.07,14,2a82ec04-d029-4f62-a41d-de7fdc8fc5a1
422,360.6500000000001,793.0,21.21,1153.65,17,66b0f736-36b2-4914-bc34-37b7bd229410
423,1072.29,341.0,71.49,1413.29,15,d6e6a2e9-38c9-4836-b2a2-cc08c200bd47
424,250.71000000000004,1064.0,50.14,1314.71,5,428c1751-f6b5-4aff-997e-9461617b764c
425,511.6199999999999,763.0,511.62,1274.62,1,af30fb1c-cc23-41c6-8245-c42cc6bf47c3
426,325.09000000000003,571.0,17.11,896.09,19,2978880c-546d-4e81-8997-f851a1216bb9
427,519.8199999999999,551.0,51.98,1070.82,10,1f4b8f8a-d448-45ca-9953-649ebf64ce61
428,568.6700000000001,802.0,568.67,1370.67,1,61451c0b-a580-45c8-bc2b-aca6732466c6
429,503.21000000000004,31.0,29.6,534.21,17,67d9b460-de64-4ceb-a057-83cee7c08d72
430,215.1099999999999,1072.0,17.93,1287.11,12,d72a446e-4419-455d-898d-70a96148b394
431,700.97,321.0,700.97,1021.97,1,ad762bc5-5827-47c2-b0a3-a547cc19a2f3
432,316.4000000000001,995.0,316.4,1311.4,1,1a92f3f9-1747-4b11-9f7a-18dc4945e466
433,268.78999999999996,1206.0,89.6,1474.79,3,d2a40223-6387-4755-82ff-2f2666c8f616
434,147.74,652.0,9.85,799.74,15,eb5f2b93-182a-4da4-a623-f01946093713
435,273.89,707.0,27.39,980.89,10,60c7772a-605b-4b60-850c-e42822e70d1d
436,913.05,226.0,91.3,1139.05,10,3576f454-6360-406d-a238-23bfd3df0c13
437,511.3599999999999,864.0,73.05,1375.36,7,625d9e25-b9ef-48e9-9e8a-37dd38c724d4
438,936.4100000000001,309.0,52.02,1245.41,18,c4c12c05-4b77-41a3-aa8d-48f380ec1e7d
439,419.98,128.0,26.25,547.98,16,bd03a346-4e30-4462-9f50-a574e8dc5ed5
440,515.64,362.0,64.46,877.64,8,efd4e722-b1d4-4f94-9b7a-c8fd88743df9
441,175.20000000000005,427.0,43.8,602.2,4,6cb28a4a-f4f2-4f1c-a3ee-3973a7347a6f
442,141.42999999999995,599.0,9.43,740.43,15,b6b657bf-75fd-49ba-98e4-eb8ce40765e0
443,217.76999999999998,666.0,43.55,883.77,5,2e49dfa9-e052-4b97-98ec-8df4c5518187
444,463.03999999999996,522.0,30.87,985.04,15,a3d28c75-76de-4f3e-b8a1-431c61fd6d9b
445,988.6800000000001,111.0,61.79,1099.68,16,831b42a0-8c3c-4fc3-b5c5-a42f70fa1c1a
446,670.0,797.0,83.75,1467.0,8,9be2e71c-1b58-4905-89c7-b5a710b71ee3
447,830.47,375.0,69.21,1205.47,12,dd116159-b331-42f6-83ed-00cea9083d7a
448,686.47,356.0,85.81,1042.47,8,1ae38871-f52a-4388-8d10-186c1a39a7d9
449,124.89999999999998,383.0,124.9,507.9,1,67517715-5484-43c2-874c-50a2aebb051a
450,425.49,368.0,212.74,793.49,2,a818f141-5901-465a-ac58-99c0c0c97ad0
451,832.53,128.0,59.47,960.53,14,c5a3f71e-d516-4fa1-869c-a638f17e203e
452,259.4200000000001,1008.0,32.43,1267.42,8,8e56f915-a14b-4c2f-adba-e7c39046a910
453,924.6099999999999,228.0,231.15,1152.61,4,765230a8-f483-4d67-bcfb-5588af0d6bf3
454,224.85000000000002,696.0,224.85,920.85,1,d24c3977-884c-48e9-a660-05153ad782d5
455,388.77,1051.0,38.88,1439.77,10,3b4eadc5-aee1-41b6-bc7d-18eda38fba40
456,382.36,427.0,63.73,809.36,6,50db906c-87ab-4368-9c53-9099d72674c6
457,442.47,166.0,73.74,608.47,6,1cf47a53-56fa-4fac-9bad-c3d350b20104
458,533.6,90.0,266.8,623.6,2,b126c6c3-05a0-4283-a2ca-a602e3507e64
459,226.33999999999992,1149.0,56.58,1375.34,4,22c9c955-e184-489c-8812-dd95376875f2
460,598.83,408.0,149.71,1006.83,4,57deaa7b-e793-4e02-899f-4cea141ed384
461,341.1099999999999,1107.0,31.01,1448.11,11,1c1a2ad4-512a-46ce-8591-3a14a6686be7
462,172.14,533.0,12.3,705.14,14,de79c23e-a0a5-4c07-9e03-f968475e704c
463,211.16000000000008,1246.0,42.23,1457.16,5,d9ead39e-22ff-42f9-b8a1-de2c26d1cc49
464,295.75,680.0,16.43,975.75,18,0773032e-57de-46c0-8d76-73049ab4aeb0
465,927.51,111.0,51.53,1038.51,18,a4da1b3e-09f0-4fdf-8af2-ce9b931e0d94
466,359.80999999999995,984.0,22.49,1343.81,16,c9921901-53dc-4022-8e88-b487e2fe6a23
467,82.37,705.0,16.47,787.37,5,48b2d35a-a617-4a97-9d00-362f3ac00dd0
468,170.32000000000005,406.0,28.39,576.32,6,2083006d-7a9a-4e91-a56e-d236fe84d949
469,602.1600000000001,596.0,200.72,1198.16,3,872f34d7-3402-427a-8d40-5b68cbf515e7
470,596.3299999999999,721.0,45.87,1317.33,13,4a3d40c2-45d5-493d-9821-5a4c5cd14e1e
471,235.76999999999998,636.0,14.74,871.77,16,551d6485-2239-492f-828d-ce08a0a25b81
472,1012.77,95.0,53.3,1107.77,19,ff09946d-376f-4834-9890-a669b1605edc
473,467.61,233.0,155.87,700.61,3,8bbe6c9f-258f-4a49-8049-95775988f79f
474,839.25,261.0,59.95,1100.25,14,633c298d-0e08-4edc-9d6f-6a5670e4d6e2
475,196.52999999999997,635.0,21.84,831.53,9,0f6c4255-5917-45d5-9a15-aa7c4419242b
476,172.39999999999998,621.0,34.48,793.4,5,6cf2a48d-77c3-4ec4-bea0-941d662671c4
477,148.56999999999994,1328.0,24.76,1476.57,6,578b7fee-6709-4522-a32c-8bceb74e966e
478,568.9,202.0,568.9,770.9,1,d77d7c7b-2abd-4513-9e2b-7fe2c8235e17
479,484.28999999999996,453.0,484.29,937.29,1,ca5e97ee-07fe-4f8d-a6d4-56f0d5f6a485
480,690.85,333.0,69.09,1023.85,10,1986dfc1-496b-4e9d-b4ed-ff3b9abfd007
481,208.6099999999999,964.0,14.9,1172.61,14,c8b0f1c8-f98c-449a-884d-2ef327b57ac6
482,114.09999999999991,1157.0,6.34,1271.1,18,9eb10e0d-c6ba-49ed-9d51-32c30242e74f
483,522.8800000000001,615.0,104.58,1137.88,5,9d5eea96-e689-4e1e-af62-fe303526de7c
484,721.81,13.0,240.6,734.81,3,8821dc70-e97e-460b-b069-b4ad2ab669e3
485,555.5,228.0,34.72,783.5,16,8aedf5a9-4e8c-4801-bbdd-123101cce30e
486,687.99,433.0,687.99,1120.99,1,9f5e132b-fc1b-4831-be18-457aa3a367a8
487,2.17999999999995,725.0,0.2,727.18,11,7a9bc7bb-3db7-4144-a224-4dcec26de223
488,409.94000000000005,169.0,136.65,578.94,3,1d99823c-6630-412b-9ae1-2c8d74a4bd2b
489,26.92999999999995,639.0,1.68,665.93,16,f6b51c9d-b4e0-4d4f-bf92-a48bd7e20f0e
490,482.35,222.0,60.29,704.35,8,75b6af25-039d-4438-bc05-4b2b4da62812
491,131.29999999999995,1242.0,9.38,1373.3,14,c4ddd15b-43fe-4456-b5d9-a8a60b9eeceb
492,287.69000000000005,809.0,35.96,1096.69,8,805d4c08-02d2-4bf2-9b6c-50c8b8c34e7b
493,810.8499999999999,427.0,90.09,1237.85,9,e29f4b9b-327d-4941-9fb8-c6ac969b461a
494,352.26,386.0,176.13,738.26,2,271e90d9-590c-410c-9bec-c7a7dd4a3f4b
495,125.50999999999999,958.0,6.97,1083.51,18,9ed517b0-df1e-4c1d-ae6d-5ba3d0507be1
496,442.03,828.0,110.51,1270.03,4,4003b282-a272-43b1-a90e-92245d4be18a
497,497.28,904.0,124.32,1401.28,4,bf45060f-78c0-4ed8-8fb2-45e1e5489be9
498,39.67999999999995,967.0,3.05,1006.68,13,3d5a9468-2117-46a8-80a1-1f6b19967d50
499,533.46,362.0,177.82,895.46,3,2127ddf8-91ed-4bfb-ace2-575a6c977489
500,921.74,65.0,184.35,986.74,5,e8d2f6d4-4706-4449-a4f3-6d58b88d120c
501,611.1800000000001,572.0,35.95,1183.18,17,50a1aba6-c5b3-4502-af0a-1cb81ff66256
502,1008.6500000000001,147.0,67.24,1155.65,15,ecba7679-2685-4064-a0ee-00743e1b49c9
503,48.799999999999955,1260.0,6.1,1308.8,8,55ef36da-528c-4ff2-a8c5-17697fe8646b
504,65.67999999999995,835.0,5.47,900.68,12,d053d769-92c6-4d22-8e1d-f2d4ca68492a
505,374.65,556.0,124.88,930.65,3,85c4ab7e-94d9-4d87-9f8b-fcc648d4c56a
506,520.8499999999999,589.0,40.07,1109.85,13,6e1d7323-b0c3-4881-b307-a6207c38e144
507,629.51,498.0,39.34,1127.51,16,92d304cb-11ef-4f69-abd0-9705729d198a
508,578.46,625.0,38.56,1203.46,15,404eaaf8-da82-4fc5-8bf4-45a5044c0a89
509,422.20000000000005,171.0,24.84,593.2,17,974a8707-99e9-444f-ac9d-c29dfb2e8d9f
510,256.65,690.0,28.52,946.65,9,98a38d45-a48f-40a2-958e-1c97cae0b5a6
511,483.8499999999999,738.0,25.47,1221.85,19,c74e4f2c-f3da-409b-a3de-c6093b3f853c
512,387.0899999999999,763.0,96.77,1150.09,4,d49edb8c-b9f2-467b-9f27-24cb13aa66a6
513,345.1300000000001,940.0,345.13,1285.13,1,f7000171-24b3-4934-b53d-9fd7bc452531
514,526.02,709.0,40.46,1235.02,13,2f4e5227-8ef6-4770-9738-ce5dc3af21ba
515,760.92,55.0,42.27,815.92,18,e5ac6270-1ce8-4502-9084-b87e1760528e
516,722.49,170.0,60.21,892.49,12,35b77074-ee77-4459-a0c4-69eff57e0bcf
517,792.29,225.0,41.7,1017.29,19,d5676b4b-2e29-4fd7-8df1-a9033fad5634
518,216.78999999999996,1173.0,43.36,1389.79,5,76e38b0e-bd99-4d50-b753-7e4463819e92
519,214.71000000000004,782.0,11.93,996.71,18,7ca75a44-39e9-4738-9ee2-6cfb0b7f58f4
520,104.91999999999996,455.0,9.54,559.92,11,21e61c3f-c63a-4ca7-8194-984df4d528bc
521,596.56,450.0,33.14,1046.56,18,d6768a57-f1e3-4027-9cb3-b4201115bf2e
522,744.31,120.0,744.31,864.31,1,f9fc2b16-01a6-4135-98d8-85cfd22b0ce5
523,1330.22,14.0,190.03,1344.22,7,34b0441c-7671-4b00-906d-13bc9c3f246d
524,604.8800000000001,822.0,43.21,1426.88,14,38706493-93ec-4ade-ab94-78f9479e0652
525,926.49,335.0,463.24,1261.49,2,3661382b-760a-4181-9a1a-c6e339b60f9e
526,588.06,879.0,39.2,1467.06,15,03ee00a0-9e92-4991-a2c8-cc23c13989e7
527,33.82000000000005,596.0,4.23,629.82,8,735ed85e-8e70-4eac-8632-46f9574695e5
528,338.90999999999997,666.0,33.89,1004.91,10,88d81e45-6cb1-4df0-8852-551dd07e67ca
529,806.4100000000001,476.0,67.2,1282.41,12,3cfa9ccb-2205-4483-954c-422032f8ddee
530,271.19000000000005,269.0,19.37,540.19,14,b27485a3-506a-4bd1-bfb3-aabf18eada83
531,482.99,928.0,482.99,1410.99,1,ecffa8c1-9c93-4bde-b5c5-e65465bece1a
532,393.15999999999997,358.0,30.24,751.16,13,aadf9c12-8397-4f06-a313-8d42e3c828c7
533,414.33000000000004,589.0,138.11,1003.33,3,25017041-ee05-4bad-87db-4884e56e6cf2
534,306.02,1095.0,21.86,1401.02,14,dcd2fe95-2df5-4d8d-8373-3a28c1d8a23b
535,249.62,511.0,249.62,760.62,1,dbfea717-aecf-4cc1-8fa0-830d90cc8f13
536,870.94,38.0,87.09,908.94,10,0619f6b3-2d97-4d81-a69a-f4e3a262ce0a
537,914.77,404.0,152.46,1318.77,6,9905b71a-8fc4-45f7-ba4e-698423e5c1de
538,12.830000000000041,958.0,0.68,970.83,19,41a1bffc-7a57-4589-b137-346710293cec
539,1217.47,275.0,152.18,1492.47,8,33feed5b-8ba2-45a9-9156-bd768d2fdeaf
540,164.61,852.0,82.3,1016.61,2,28af4893-5122-4886-90ca-f60643353e15
541,213.94000000000005,398.0,16.46,611.94,13,c20c1b67-fc11-4fa0-925b-46e458b3a33b
542,115.24000000000001,1229.0,9.6,1344.24,12,908a85f9-9cac-404f-a789-0427c4af7acb
543,92.85000000000002,794.0,11.61,886.85,8,b5dd628c-ee54-438d-a028-6df379035ccf
544,374.0,567.0,24.93,941.0,15,dccc8383-e593-4328-9536-f5022dbc7199
545,695.5999999999999,743.0,36.61,1438.6,19,bca632c5-9ec6-4baf-8e52-d01896e0a9d1
546,1000.6800000000001,120.0,500.34,1120.68,2,9799f0b5-030c-4adc-87cc-73f5ecdded3b
547,1312.96,97.0,131.3,1409.96,10,1df8dfa2-6e0a-4409-9439-940e1356509b
548,623.86,166.0,36.7,789.86,17,77f70900-5e4a-4ea2-8209-138f30612090
549,954.4,58.0,238.6,1012.4,4,bd206621-d5a1-425b-ac15-c7dad097498f
550,785.31,107.0,261.77,892.31,3,ead88eca-fbd8-44e0-8cbd-3dfb9fb8ec75
551,650.07,358.0,92.87,1008.07,7,357790b1-e556-4975-9daa-42fe00150581
552,262.21000000000004,706.0,65.55,968.21,4,fe7fab26-bf68-4703-b12f-06a563364686
553,885.3599999999999,156.0,59.02,1041.36,15,2418ffdc-911d-4792-8bc4-55045c2702c7
554,297.6700000000001,1064.0,16.54,1361.67,18,fc8b7190-b0be-4717-87c0-713427635f37
555,1285.34,87.0,1285.34,1372.34,1,cb45fe1a-981e-499b-9de6-dac3acbc5bc9
556,543.04,936.0,30.17,1479.04,18,a35c1a12-6915-4b42-a058-4db78b90476e
557,794.1700000000001,343.0,46.72,1137.17,17,8d591607-4bb1-441d-bccf-ef35a22a3d4b
558,360.91999999999996,610.0,45.11,970.92,8,9967db18-615f-4321-a66f-00e580b974a8
559,385.16,116.0,192.58,501.16,2,554a8b9d-7493-43b5-af17-ac9eee35a83f
560,635.56,246.0,37.39,881.56,17,3b8c952a-af68-4f3b-b18c-758f1c066afe
561,532.27,172.0,48.39,704.27,11,6f6558b5-b924-4c78-a40e-b10c78238c52
562,307.93000000000006,951.0,20.53,1258.93,15,d7a1207b-5a90-4306-9960-a5260204a1cc
563,200.1199999999999,1224.0,40.02,1424.12,5,0ad167cb-b223-40e8-9de2-f52e7ce14035
564,579.6500000000001,888.0,72.46,1467.65,8,c5e5b70c-c452-4573-9575-45ce4def98b6
565,1017.1199999999999,12.0,78.24,1029.12,13,1c5d2735-b702-4066-a9b7-df52ca76801f
566,1060.93,54.0,151.56,1114.93,7,65255e31-f715-4de8-9681-6174fbef0cf7
567,331.1500000000001,913.0,55.19,1244.15,6,614df29e-853a-493e-9ca0-4128435150cf
568,949.55,375.0,67.82,1324.55,14,dbfcec40-296b-4dbe-9082-b3500c6895a4
569,251.85000000000002,307.0,16.79,558.85,15,b3f3d3f9-53e6-4f73-a9bd-ee10272dc21a
570,696.3199999999999,567.0,53.56,1263.32,13,69cbab21-ecbd-4545-8a69-1c8ae9b7eceb
571,399.05999999999995,854.0,199.53,1253.06,2,3927b115-83a8-442a-bd48-86396ec06a44
572,376.40999999999997,632.0,28.95,1008.41,13,dab2f571-558e-499a-bb92-e1257d8f8768
573,369.28,367.0,73.86,736.28,5,571ff70a-c6d5-48b5-b685-b60b30fd65d0
574,248.48000000000002,1182.0,17.75,1430.48,14,94aa1556-3da6-4e7a-a05b-d02b4cd28365
575,1134.76,40.0,59.72,1174.76,19,1b5809d1-2c68-430f-9a73-e2cb2f52207d
576,540.06,953.0,36.0,1493.06,15,1e8f5901-6f43-48c5-830a-b6ce37a48732
577,476.19000000000005,101.0,34.01,577.19,14,b341bc3c-c2ae-4d09-bd17-43b107381607
578,1191.42,295.0,85.1,1486.42,14,add7cd7b-bb18-4173-afc8-8d430252e9b0
579,164.61,701.0,16.46,865.61,10,8e0d6c32-7daf-449a-a526-fd2306035606
580,651.5,185.0,162.88,836.5,4,3b758dc4-6262-425e-b83f-33713b8a3f5b
581,318.5999999999999,748.0,21.24,1066.6,15,b0f99b21-172d-4150-81bf-ee8a7e502937
582,407.92999999999995,136.0,81.59,543.93,5,068ea72a-e3a5-41e3-b22f-45b143d240a4
583,432.54999999999995,214.0,28.84,646.55,15,55ec82af-a754-4e1c-a683-c83e5523fc8f
584,9.0,1067.0,0.56,1076.0,16,a0d0fe53-d500-499e-b002-83fa62811af5
585,62.41000000000008,1141.0,10.4,1203.41,6,e9fa7d37-b407-4d5c-bd80-803fdf6b844d
586,415.14,240.0,27.68,655.14,15,1a6ded0c-e1cb-4e03-9282-99c1ddfc52a9
587,1073.76,130.0,1073.76,1203.76,1,38bd622e-e11e-4a37-994a-ab5a8b1b4988
588,650.81,182.0,65.08,832.81,10,89bec72a-9d7d-40d1-92de-2c9779cc4789
589,909.6800000000001,284.0,50.54,1193.68,18,af572fcb-ef20-42c2-9f40-9fec9ecc358c
590,363.02,1042.0,363.02,1405.02,1,55cd12de-0248-42bd-8550-af856aa03b83
591,585.5799999999999,900.0,36.6,1485.58,16,c44beb13-1f19-427b-8b43-8d1ca89a312d
592,659.4000000000001,698.0,59.95,1357.4,11,53a32727-d643-4e6b-917d-73f876b7c06e
593,1212.97,206.0,242.59,1418.97,5,96607e1b-de9b-4361-ae39-bf9856ea0c86
594,367.03,359.0,36.7,726.03,10,26e8b14e-2e18-47f8-a262-ada6d1fed0f2
595,530.36,389.0,37.88,919.36,14,8f871244-f0de-4893-abf9-f0c09758b743
596,1257.82,26.0,83.85,1283.82,15,832bbbc1-1674-4ecc-933a-ffb12d8ae741
597,495.66999999999996,43.0,99.13,538.67,5,188a677c-9824-4f45-a7eb-5700bfe945af
598,376.75,799.0,47.09,1175.75,8,d8837c4f-f52b-4830-a553-dc22ee10a59f
599,1258.06,88.0,83.87,1346.06,15,d6448cfb-c83d-46f3-8aea-43f26a4a85d2
600,806.08,213.0,201.52,1019.08,4,c4a0aadd-429c-41bf-8120-edf8b50f00d9
601,555.42,248.0,50.49,803.42,11,c0ec06fc-3c79-4aef-b4f9-b47833ff836c
602,999.0999999999999,91.0,333.03,1090.1,3,a405585b-5c92-4113-bb14-76d2f9d99fac
603,26.86999999999989,1253.0,2.69,1279.87,10,d7a8fa78-75a5-42a4-8fdb-bed24c2302d0
604,567.54,103.0,33.38,670.54,17,a01ce4f6-5271-4958-9edc-9d134a1dafdb
605,108.59000000000003,890.0,5.72,998.59,19,1f4173bf-eafd-4690-b991-ee7a64df3abe
606,102.05999999999995,1338.0,20.41,1440.06,5,38c1d39f-c689-43a8-bbfd-477110813adb
607,215.30999999999995,351.0,19.57,566.31,11,a5729e51-6800-4199-b240-f9094bd997db
608,231.1400000000001,907.0,13.6,1138.14,17,fc36f2e7-1c0c-4ad5-80a1-47d07706301f
609,270.47,335.0,135.24,605.47,2,c5f150bb-d92d-4afe-9d66-7749f5237430
610,259.51,399.0,129.76,658.51,2,d1cc63e4-1142-48da-b289-1afc9fd634c4
611,425.62,187.0,212.81,612.62,2,ca827ac8-cebe-4e5a-843c-6b877bb2c43b
612,326.49,360.0,326.49,686.49,1,0f92fab2-7c17-4e8b-8c2d-d1dc4747469d
613,938.8499999999999,453.0,67.06,1391.85,14,19042c7e-6747-485f-8f5f-1338cbffcff1
614,606.81,164.0,60.68,770.81,10,89c413aa-e06d-41ff-814c-7f7684dec73a
615,80.45000000000005,585.0,16.09,665.45,5,bf202380-fd86-4c55-bc82-70c24af1009c
616,691.84,101.0,345.92,792.84,2,c3ef61c6-1882-4a0f-93ec-bd2773b4c77e
617,410.19000000000005,333.0,41.02,743.19,10,ab106c7b-357a-438a-bdc1-1aa862ae8fec
618,233.08999999999992,1116.0,16.65,1349.09,14,79df175c-5b6f-454c-b050-3b1888931413
619,44.559999999999945,1360.0,4.95,1404.56,9,969826cd-5fbc-45b4-b178-96c7d6acd40e
620,767.8499999999999,299.0,95.98,1066.85,8,d739306e-299f-4b7d-b433-bbf8d615da43
621,388.0,294.0,43.11,682.0,9,31c8ca0a-0a5d-4c18-8638-cb32a64b5044
622,585.25,87.0,146.31,672.25,4,3781004f-747d-45d7-9875-fc9de57b815f
623,119.46000000000004,920.0,7.47,1039.46,16,6a626291-3e07-4c16-8989-662b78b4cde7
624,548.02,113.0,32.24,661.02,17,6af78671-4217-4c52-b622-8a928dc7da04
625,323.44000000000005,870.0,21.56,1193.44,15,c8d7b385-d84d-49e3-93b2-183da3578d16
626,722.61,122.0,48.17,844.61,15,f5c073ef-5a79-440b-bab3-4b4f9b134d2c
627,149.92999999999995,446.0,10.0,595.93,15,c1c385ea-e399-4202-a170-3fb6e949ce31
628,334.85,472.0,41.86,806.85,8,74152f6f-8ccf-453f-84ab-5008c6be89d1
629,478.62,115.0,25.19,593.62,19,d826c6f0-6877-44e9-b63a-b6d2e5566c5b
630,265.66999999999996,296.0,37.95,561.67,7,95089ebe-7cd8-4b0b-a822-e0979fcf0714
631,638.82,165.0,35.49,803.82,18,3479fc15-9e18-403f-9cb2-e769ae0e9199
632,338.20000000000005,423.0,22.55,761.2,15,54803324-035b-4858-9ffa-8dfab0aa6dae
633,761.94,507.0,190.48,1268.94,4,ed21f221-51ba-49e4-b6f1-4cdd96bc4634
634,238.95000000000005,707.0,59.74,945.95,4,42bba379-2732-4220-bad5-b574ad4eea21
635,104.45000000000005,674.0,13.06,778.45,8,68845ca9-67e1-4b9d-ad1a-ac147d0517a8
636,546.19,314.0,34.14,860.19,16,a680c1bb-328f-4a06-ac6e-bc394a46c8ee
637,904.99,182.0,69.61,1086.99,13,51e511fd-c3f7-456a-aaa1-484647495080
638,222.60000000000002,286.0,15.9,508.6,14,0e37acac-ba95-4afc-8cb6-989616504bd9
639,1354.27,30.0,135.43,1384.27,10,f44416e9-314e-464a-9509-fdb2a47bb3eb
640,412.15,382.0,22.9,794.15,18,504f3571-6e3a-4ecd-a39f-747adb5767cd
641,43.91999999999996,821.0,8.78,864.92,5,3811f747-c97c-4c01-be5c-d554a8ea54f1
642,94.62,434.0,23.66,528.62,4,dcac427f-1788-4118-8701-cf544a1d398a
643,220.68000000000006,1076.0,31.53,1296.68,7,cffc1213-e0d4-4f0f-9009-e1f3a6c2c8b9
644,413.49,589.0,22.97,1002.49,18,3283d524-96c0-4758-8729-bb902af6ae6b
645,410.63,208.0,37.33,618.63,11,897c3a21-3933-4923-a582-2e2a7de7ee13
646,288.05999999999995,1103.0,96.02,1391.06,3,e1165247-6903-4597-89a2-25bc8c9a49f0
647,686.99,89.0,171.75,775.99,4,fba3ae69-75c9-44cf-a7d8-53207cef9463
648,592.79,123.0,45.6,715.79,13,b2d89653-4082-414b-881c-3ad560f86f5e
649,311.49,190.0,18.32,501.49,17,baa466de-b34e-417f-92f7-ed596acf8c87
650,53.97000000000003,806.0,6.75,859.97,8,bf380fce-a311-46af-9484-650d6a8bc19a
651,414.28999999999996,745.0,24.37,1159.29,17,d0f8f322-e7de-4e70-84f2-13f4dca98a09
652,395.65,313.0,24.73,708.65,16,b0ce6718-ef54-4163-9739-cde25ad92884
653,503.88,208.0,33.59,711.88,15,7aa9335a-1e8a-42be-b066-269b64fbf8cd
654,93.05999999999995,741.0,6.2,834.06,15,5048bf18-5a04-4789-9bf7-56d6b72aa95b
655,156.41999999999996,418.0,156.42,574.42,1,ec0496fb-bcb6-4e5b-a1b5-19f9d862976e
656,349.02,526.0,43.63,875.02,8,21328e9d-23bd-4dba-9390-5a77e54ff93d
657,75.77999999999997,1356.0,25.26,1431.78,3,75747fa0-889b-4c4b-b8a1-35914fe6294e
658,573.31,246.0,33.72,819.31,17,09bd1038-f2fd-48fb-b77c-cb8484f37ebe
659,878.0,495.0,439.0,1373.0,2,f725b859-6e0c-4b01-83af-e448bd6a0885
660,9.419999999999959,736.0,3.14,745.42,3,ad542955-c4e2-4431-99d3-0749373751dc
661,549.24,741.0,30.51,1290.24,18,66ba3725-abba-43f0-bdb8-ae9c69ada1e1
662,373.52,1115.0,31.13,1488.52,12,2e80d8d8-b190-4f55-9380-3b3f31b2f919
663,398.46000000000004,437.0,199.23,835.46,2,af40ecc6-caf7-4c5c-9459-0b78c19b1c2a
664,365.14,243.0,19.22,608.14,19,9950936b-a922-4492-acdf-e2e3bf4425e6
665,754.35,98.0,107.76,852.35,7,9c497605-d384-4574-b956-6edf96ac1f24
666,340.13,387.0,340.13,727.13,1,765d2591-92dc-423b-97e6-7b515dbc92a1
667,142.5,498.0,23.75,640.5,6,6ba3af48-a967-4a2e-a868-6fb5180e8c99
668,1238.58,143.0,65.19,1381.58,19,e4677ade-4be0-4e8b-829e-2ebaebf6b76c
669,495.57000000000005,506.0,26.08,1001.57,19,ccd3c6e9-0bd7-46ed-91cc-0593da339fb3
670,129.17000000000007,1237.0,12.92,1366.17,10,8fafec4d-162e-4282-bca9-ec5cd349f183
671,1030.58,251.0,93.69,1281.58,11,15bc2544-42f6-4af1-8262-03649c0e2f96
672,30.029999999999973,556.0,1.67,586.03,18,d59b5ec0-96a3-4997-89a8-79e49ab8eb49
673,505.25,387.0,38.87,892.25,13,06234711-f4bc-4647-b908-662308dafe69
674,567.8699999999999,495.0,113.57,1062.87,5,6b6c74da-f5f4-493b-8710-c1c0258d18b7
675,1139.66,285.0,75.98,1424.66,15,854b4872-5ff0-41c5-9c50-2e66c2bac87b
676,46.27999999999997,539.0,2.57,585.28,18,fa725146-19ac-4b26-b332-4d707a5947b7
677,155.72000000000003,814.0,9.73,969.72,16,0b17e048-ab2a-4f8c-900a-6fbaaad05046
678,256.97,531.0,32.12,787.97,8,796444e7-9698-4703-af08-fefead24fb7d
679,678.97,643.0,169.74,1321.97,4,e0501a44-e4ea-42eb-a7f4-3ec760be8b0b
680,362.33000000000004,660.0,27.87,1022.33,13,060821ca-8005-4890-bd7c-47b6cb9eb31a
681,527.84,350.0,87.97,877.84,6,4d0ccaf2-1190-4ae2-b5de-d07b93c52cf5
682,42.36999999999989,1363.0,2.35,1405.37,18,91152af8-dc1e-43a3-854b-b14fe082f4a4
683,143.21000000000004,654.0,7.54,797.21,19,b1309e12-9832-4c3d-a5fb-54d487008340
684,1195.42,240.0,1195.42,1435.42,1,a24140cc-cf0a-4919-ab37-97e2b6fcf1ed
685,205.01999999999998,1279.0,102.51,1484.02,2,8efca78e-e3e7-4525-8906-7f292903f922
686,171.30999999999995,923.0,13.18,1094.31,13,585c914e-7600-48f6-a008-c07c3074c303
687,377.69000000000005,395.0,377.69,772.69,1,033efd65-0639-4707-8fb1-3d7eecc89dc0
688,484.36,414.0,40.36,898.36,12,3523cbd0-7f89-45d2-87f4-e21fcfe46aa2
689,496.92999999999995,445.0,27.61,941.93,18,e274837a-8275-406f-840c-5b6d5b04d969
690,31.92999999999995,933.0,2.46,964.93,13,2735cfe8-4f9d-4720-a245-61cc1b149b5e
691,515.76,555.0,30.34,1070.76,17,71c11d60-580b-43ce-bb11-127f68777bd8
692,520.69,100.0,130.17,620.69,4,97315de3-5fb1-4252-9be9-cb7136dda15b
693,1192.16,220.0,66.23,1412.16,18,9a47a768-67b6-434d-a7db-b58819c6b5ac
694,272.04999999999995,281.0,38.86,553.05,7,35cdba7d-c38d-40d5-87b2-3d8cd171e06f
695,299.65999999999997,699.0,49.94,998.66,6,a4f5c4fa-fda9-4d1a-9e6e-a1eea0c073cb
696,58.58000000000004,912.0,14.65,970.58,4,694fbb03-94ad-4113-a539-471cd495fbee
697,456.16999999999996,175.0,26.83,631.17,17,1ed06444-75f1-4930-94a3-ccf3c8ced3db
698,149.56999999999994,1316.0,9.97,1465.57,15,2366c2d8-bd09-4f6e-bfb7-8af8f6bbfa65
699,390.3699999999999,720.0,78.07,1110.37,5,c245d077-71ca-4fad-b7d2-f38f9650daf4
700,632.63,297.0,316.32,929.63,2,515cc512-d6d5-49de-825b-fe5fcf388c8d
701,1090.32,119.0,57.39,1209.32,19,42911e34-0b1e-427e-aa9f-bdb025d45279
702,580.3399999999999,664.0,34.14,1244.34,17,76c626b0-2bf0-4f5f-bd24-6c4886e3ce37
703,881.73,360.0,293.91,1241.73,3,f09cc22c-6f0e-4db2-aaef-fc3d05a5b882
704,274.1700000000001,823.0,14.43,1097.17,19,41c4ef21-0e1e-4739-9adf-c504a5a4b070
705,833.26,157.0,52.08,990.26,16,d0b0361d-9bb3-444e-9350-88513ba028e6
706,600.6800000000001,542.0,42.91,1142.68,14,f24099c3-e459-4775-b5ea-e9f03af52f6a
707,151.89,372.0,16.88,523.89,9,61a3cabf-7ae8-4896-9d76-e8a2078ffcd7
708,416.14,590.0,21.9,1006.14,19,35c34742-16fa-4766-a156-8e471bdf5ae1
709,986.55,157.0,58.03,1143.55,17,87009558-2b0b-44e2-ac5b-323b85fbf6e2
710,436.02,258.0,31.14,694.02,14,38cd7fdd-d227-4c3e-8596-cfd8056aca01
711,390.97,768.0,78.19,1158.97,5,2ec57a4d-b8ce-4b52-9baf-213e9bc37cb1
712,59.23000000000002,710.0,29.62,769.23,2,c0a14a52-6f16-44ca-812b-154ba09a9d63
713,148.91000000000008,1096.0,18.61,1244.91,8,bf32818c-1137-49e4-9dd4-777ee646e013
714,1300.73,45.0,162.59,1345.73,8,15916378-866f-4d3b-b62e-2dc3a463a7c8
715,452.73,417.0,75.46,869.73,6,69595483-b1c0-4f49-ac3d-b3cfecfa5709
716,282.72,954.0,94.24,1236.72,3,b18e9c2d-a551-4b42-88e5-5dc5a870fa7e
717,572.68,238.0,30.14,810.68,19,7c0715ad-7aa6-4391-ac15-49be554a7c8d
718,1081.02,59.0,83.16,1140.02,13,2c774138-c916-4802-ad86-b038be5cd00b
719,581.71,672.0,58.17,1253.71,10,0d547f0a-fd3a-47f6-966d-eff824457903
720,184.64999999999998,810.0,16.79,994.65,11,9293897e-029d-4785-aeac-aae3635d6b4d
721,539.29,759.0,59.92,1298.29,9,d0f0b898-c93c-4e24-8845-627c63754fa5
722,641.9,218.0,128.38,859.9,5,69f78d46-c22a-426e-b5d2-66c449041e19
723,115.35000000000002,616.0,115.35,731.35,1,277a3c8f-8925-44f1-a278-d4c0b45c9077
724,455.3399999999999,955.0,75.89,1410.34,6,b29ea87d-febb-47f3-99ac-2f70ce0ae620
725,353.4000000000001,750.0,39.27,1103.4,9,fe2632a9-ad00-4af4-9177-89ee643fd888
726,314.82000000000005,233.0,104.94,547.82,3,b68cb28d-d0a3-4d25-b6e4-009271ed97e4
727,1139.96,278.0,379.99,1417.96,3,8c7d9860-d197-49bf-bff4-91569b950468
728,578.95,251.0,96.49,829.95,6,4ee35813-fad9-40ab-85b4-4cd17c9af491
729,1037.99,199.0,61.06,1236.99,17,01ccfc12-d227-47f2-9ca1-b26612371ea4
730,550.71,382.0,61.19,932.71,9,cbaf7f37-6d03-4f96-b75c-e6a6453c5974
731,648.6,115.0,43.24,763.6,15,ee6fe2df-5914-4725-a7da-cbcc12823a1a
732,185.93000000000006,1018.0,13.28,1203.93,14,046e47d7-416c-49e6-81c2-ed614ee4c2fe
733,545.88,433.0,68.24,978.88,8,3d81fe11-cc5a-4748-b9a5-848741927982
734,68.98000000000002,1426.0,7.66,1494.98,9,e9b12259-3a9e-4ed1-8a83-a3c69acfbb91
735,226.75,779.0,15.12,1005.75,15,11dddbe4-0a1d-4795-88ae-4272b051cada
736,456.03,247.0,24.0,703.03,19,e314f219-4f8d-4169-96f8-de79e99820f8
737,888.0699999999999,221.0,55.5,1109.07,16,93a331b2-a9b3-4430-9556-3c1f822490af
738,84.82000000000005,529.0,5.65,613.82,15,2dcf9c16-7a66-43df-a921-4a4e51bd4073
739,683.35,181.0,68.34,864.35,10,334238b1-8967-4213-adbe-91b5486b9a03
740,529.79,940.0,37.84,1469.79,14,442f6d66-6d46-4600-84d7-4e949ad78556
741,637.9300000000001,760.0,212.64,1397.93,3,548d0a90-968b-45ea-9c39-3e1ae56bc196
742,727.6800000000001,440.0,103.95,1167.68,7,b3569dc2-b4a6-49a5-afd6-36005b6a6776
743,86.03999999999996,488.0,14.34,574.04,6,3913ed52-86c2-4f18-8170-83bfde07f8bf
744,481.80999999999995,385.0,48.18,866.81,10,29d5573c-d88d-474b-8802-3839ef785e9e
745,526.33,487.0,29.24,1013.33,18,9771e6d6-8e9e-439f-bc5a-6f38f27af94b
746,153.78999999999996,1177.0,51.26,1330.79,3,ca6b33cf-f25e-40c0-a0e0-731e447b8a96
747,4.7000000000000455,1473.0,0.25,1477.7,19,0776e8a0-40af-46d1-bfa4-20a7cd891a39
748,339.77,208.0,28.31,547.77,12,443939e5-8185-4e76-a22b-d9f2b0fa1f70
749,458.34,45.0,24.12,503.34,19,411fabb5-3f00-4803-bb5e-1b44611f44cb
750,425.31999999999994,687.0,38.67,1112.32,11,abb35f39-810e-45c2-b583-704c3d491f3f
751,276.05999999999995,611.0,14.53,887.06,19,aa823da5-4f6f-4e96-9d17-9d400656dfeb
752,456.34000000000003,229.0,28.52,685.34,16,f8b3243d-ad37-44cd-a798-3a7e0a1e1072
753,831.8299999999999,493.0,138.64,1324.83,6,ac849b86-ef06-49e4-a9d0-8aacd5b1ab44
754,268.76,755.0,26.88,1023.76,10,5825bb17-2a02-43df-9479-f30cbfb87da3
755,448.5999999999999,1030.0,224.3,1478.6,2,704e982f-f787-4b28-b4cc-acb794998d33
756,845.71,370.0,93.97,1215.71,9,eac53d10-787e-4e49-826f-a6a5563e993d
757,689.6400000000001,449.0,38.31,1138.64,18,c65d645a-9cea-48fe-872a-c3d338746af2
758,782.0899999999999,325.0,71.1,1107.09,11,c26a7f60-1b2d-4089-8c48-64fcd3908abe
759,423.94,85.0,52.99,508.94,8,ac91ad2f-a2e1-4e82-9947-6defc9553bad
760,498.69000000000005,374.0,49.87,872.69,10,8f011a12-ad9f-4c39-a14a-1e954ada7c17
761,723.56,180.0,45.22,903.56,16,b1649ec6-1993-4b8c-a984-13799d05e2a1
762,157.85000000000002,645.0,19.73,802.85,8,d10ad570-6f5a-45d9-97e0-d55a21f4eae9
763,1231.17,73.0,82.08,1304.17,15,c9d83c68-4811-4bfd-ae90-8a46a748fd71
764,47.42999999999995,705.0,3.16,752.43,15,e654d4d6-87f4-49b6-9bc3-74bf2cf2efdd
765,549.3399999999999,636.0,36.62,1185.34,15,ea3c7980-bcd4-4468-87a3-03302e2f267b
766,553.04,139.0,42.54,692.04,13,39e864bf-385c-4772-b7e8-d787c09f72fe
767,458.90999999999997,387.0,152.97,845.91,3,5964c38a-83cf-4bc0-a583-3b8f8cdf16c9
768,716.4000000000001,529.0,47.76,1245.4,15,c35048ac-6799-4141-9aba-1ad25d9b4b04
769,432.03999999999996,1011.0,39.28,1443.04,11,af938d33-56d4-451a-bd42-97bac47312a6
770,812.4000000000001,580.0,81.24,1392.4,10,69568d0f-fdab-4491-b3b0-31d54ac1909c
771,158.77999999999997,1294.0,31.76,1452.78,5,05d2e2c1-499c-485f-b1cc-3f87fd5ab731
772,566.46,545.0,51.5,1111.46,11,84a2b797-029a-4a48-9f62-10c9e926f3ac
773,943.23,204.0,943.23,1147.23,1,e669d20b-dd88-41e8-8453-d9ea9a5f90a5
774,117.88999999999999,832.0,9.07,949.89,13,0102b93e-96e6-47d9-98d2-a5ec12089be2
775,1193.28,96.0,132.59,1289.28,9,438abcb5-c797-4f50-868e-8c26fd6856e7
776,274.53,394.0,16.15,668.53,17,78ab09e9-30e4-49cd-b43b-f6ec35f10c47
777,330.02,253.0,36.67,583.02,9,bea01a73-9090-4a29-b62e-e2d14723a0ed
778,540.01,682.0,30.0,1222.01,18,e0ac58bb-eb93-4114-a32a-6f26b68e16f8
779,147.05999999999995,901.0,29.41,1048.06,5,9ed59f2e-e789-4f27-83a3-d7dc12620f49
780,560.5699999999999,478.0,46.71,1038.57,12,b8070991-8807-41cf-ac2f-8baeb12ae39a
781,830.64,91.0,166.13,921.64,5,13ad8a9c-1c64-484e-b486-9be5fee1cf6d
782,200.22000000000003,1061.0,11.78,1261.22,17,5afde467-33ae-42f2-ae99-acec98ed7ad2
783,827.7,661.0,165.54,1488.7,5,f721790e-24c6-4285-803c-3c45cb7a6015
784,508.16999999999996,201.0,254.08,709.17,2,1ea97aa7-f181-47ad-8a8a-85031eecfa08
785,13.139999999999986,745.0,1.64,758.14,8,1e4f436f-a8e7-4a61-a82e-55f30db27214
786,1053.69,421.0,150.53,1474.69,7,356dc867-c5a9-44a0-b9f7-859f8248482c
787,187.60000000000002,689.0,18.76,876.6,10,30e112a1-6831-43ca-86fa-bbae60b6adde
788,1120.61,188.0,140.08,1308.61,8,4911e97d-b297-47da-bafd-ae294d53de72
789,516.89,4.0,129.22,520.89,4,e0b07a74-e2d7-4013-acf1-c4e243fa5a41
790,389.65999999999997,555.0,22.92,944.66,17,74a7d74d-d35d-4b26-99f9-1108d6606ff6
791,481.0799999999999,802.0,43.73,1283.08,11,ea819c25-3851-474c-a94d-06ae6db56835
792,45.5,814.0,3.03,859.5,15,eeda1776-673f-4fa9-84da-69b4c26968d7
793,752.84,217.0,188.21,969.84,4,f1be75a8-0b6e-43ec-8cb1-1830bd300b30
794,1059.62,195.0,132.45,1254.62,8,6e96a602-d9ba-4242-8965-1d63bc8f813d
795,216.52999999999997,877.0,24.06,1093.53,9,891c920d-0e27-4221-901f-27624d5b1fac
796,908.94,283.0,60.6,1191.94,15,6344c976-f238-4777-bc70-93b4f0ae69fd
797,672.52,121.0,84.06,793.52,8,17f49c73-cd56-4cc3-b40d-bec37dd9363a
798,196.49,1207.0,16.37,1403.49,12,5d2aed08-8e08-4b30-817b-0b0f5a400c0e
799,35.180000000000064,1324.0,2.71,1359.18,13,ee979a3e-b2fa-4500-90c0-a1ad85fae60c
800,1055.02,369.0,175.84,1424.02,6,e61dbee9-9b67-4386-a8bd-abd2a0a15ea5
801,979.5799999999999,88.0,979.58,1067.58,1,5a3cad25-55b3-4479-94ef-7c2c9631100e
802,742.27,215.0,742.27,957.27,1,666f47f6-4b59-4f98-8563-7c71da287863
803,2.5599999999999454,846.0,1.28,848.56,2,84c3f2d4-9f9b-489f-a85a-45fb2d009150
804,665.67,147.0,133.13,812.67,5,192f06ce-c623-4877-86f0-d4fab6128023
805,518.6600000000001,519.0,57.63,1037.66,9,5c1044ab-4e48-4ad0-aa43-0eecaa453af0
806,54.110000000000014,958.0,3.87,1012.11,14,b85a36ba-05f1-457f-8293-7f903f976df7
807,844.96,631.0,211.24,1475.96,4,d2a325d7-8362-44d7-92cb-20706396b51f
808,1111.78,324.0,79.41,1435.78,14,499151d7-a8ff-4d61-9853-d8471de6c3ba
809,1018.25,199.0,72.73,1217.25,14,3f497a33-96c2-4aa0-b18a-477b5e88bbba
810,115.32999999999993,1116.0,38.44,1231.33,3,f7a72ae3-5045-48b7-aab4-72ac18b35488
811,679.28,182.0,679.28,861.28,1,4e01fdbe-8d2d-4e3d-8273-d4d47df550b7
812,905.3299999999999,574.0,69.64,1479.33,13,4a3a96cb-1fe7-4b8b-8172-6f950bbe62d6
813,179.30999999999995,1238.0,35.86,1417.31,5,6c0f63d7-90b5-4c15-94cf-46b159cd84ff
814,155.14,741.0,10.34,896.14,15,5a248947-4a61-43a3-8a50-8b82dbcca519
815,537.85,195.0,31.64,732.85,17,17383731-158e-44eb-b422-2b4aa5b2cc26
816,568.6700000000001,477.0,94.78,1045.67,6,dee6df7b-d47f-4309-a405-b6269214599f
817,14.720000000000027,654.0,0.82,668.72,18,f7e49e50-cbbd-489d-aab7-9f5a3d9c4fc7
818,1036.21,193.0,60.95,1229.21,17,ceebd1d4-25b4-4123-bfe4-970286267b43
819,83.14999999999998,514.0,4.38,597.15,19,3f689671-4f81-4b3f-a6bf-176554bf917c
820,1417.54,17.0,74.61,1434.54,19,d0d5ecf3-bfcf-48f8-9d18-14f466a7675c
821,686.3199999999999,654.0,49.02,1340.32,14,16ad38a0-093a-4704-9dfa-25284465b3fc
822,638.52,239.0,49.12,877.52,13,9992a39f-932d-4aea-9140-8d3a2326fba1
823,28.49000000000001,1214.0,1.78,1242.49,16,6c590d56-27b2-4df2-81b6-385ae7ce8636
824,265.03999999999996,442.0,53.01,707.04,5,6fc61f82-2c3a-43b6-b3f2-b2e72bae0f2d
825,280.63,310.0,28.06,590.63,10,04da3571-f41b-4f6f-ba5b-3ed7480b019c
826,805.06,41.0,89.45,846.06,9,f08fb207-4872-4c1a-bd80-e0e94d6d17d8
827,824.5799999999999,328.0,43.4,1152.58,19,5a6ff4b5-9326-4ff0-b804-f94eedea13e6
828,596.8499999999999,779.0,149.21,1375.85,4,e9dfc74a-eda4-45dc-925b-bfd94ae2608b
829,223.66999999999996,571.0,18.64,794.67,12,184151f5-68be-41bc-abfb-7bd9c32366dd
830,910.3900000000001,258.0,60.69,1168.39,15,ae8ed678-4c6e-4429-8881-295155042bfc
831,1088.54,79.0,120.95,1167.54,9,6c0e8d37-b1c2-41f2-9d20-4a88f7a1db7b
832,436.83000000000004,316.0,31.2,752.83,14,9de2fe9d-4371-4a9f-b0a6-64fadd9f3785
833,727.8699999999999,471.0,72.79,1198.87,10,35d84dee-7f59-422b-ac4b-761f6f6cc270
834,560.3399999999999,904.0,62.26,1464.34,9,81ebbc81-0693-4835-b704-6fb303653578
835,1200.98,243.0,171.57,1443.98,7,cbf73ff5-8472-4c09-bbc6-477ddc2d7416
836,42.25999999999999,589.0,3.02,631.26,14,a80bec6f-9b8c-433d-a529-eb5b41558e82
837,365.16999999999996,546.0,73.03,911.17,5,0e824e11-07be-4a43-8ac7-31e6915044de
838,165.62,596.0,12.74,761.62,13,ad881d88-70f9-4a48-ac0d-289d5800a90e
839,441.45000000000005,918.0,23.23,1359.45,19,8d04ba78-b85e-4f92-94aa-b9992cd02083
840,33.40999999999997,687.0,16.7,720.41,2,1d86a1be-cb03-46a6-bc81-985d9d78bfb0
841,117.88999999999999,478.0,58.94,595.89,2,9e53622c-45b1-4131-9198-0fabeec6bad1
842,657.91,163.0,328.96,820.91,2,c09b1dd8-e309-49fd-a347-52d8aaef3f70
843,363.67999999999995,438.0,90.92,801.68,4,5404ad26-a28a-4509-9d0c-29bc47ca7329
844,1054.72,74.0,70.31,1128.72,15,c7847e38-b0a6-4f32-9a94-65e502e00791
845,316.72,212.0,158.36,528.72,2,9e57b308-da88-4755-bae8-1b9293e8d3b3
846,690.65,94.0,345.32,784.65,2,12c7e2b6-059f-4965-aacb-b16bbe4c5e30
847,387.0,158.0,21.5,545.0,18,2746105d-62d8-495d-be21-347c719c8461
848,100.81999999999994,1253.0,5.31,1353.82,19,d5ef816f-29d4-49fb-b677-9afa3fc5c1c5
849,1104.9,144.0,552.45,1248.9,2,730d5eeb-7af0-4e3f-b95e-292c4dfcc97e
850,1050.98,184.0,55.31,1234.98,19,755f0a13-2cea-43ee-b99f-1051f410190e
851,5.680000000000007,502.0,1.14,507.68,5,a54e7ef3-fed6-4e4c-9256-ae4c806ef13f
852,810.63,155.0,162.13,965.63,5,609f58b7-8056-4337-aab5-63609c8ae8ed
853,1062.2,352.0,531.1,1414.2,2,82616fc8-91f0-4642-9374-4be3302698d0
854,142.53999999999996,1142.0,14.25,1284.54,10,1b9fb18f-eabc-41e8-9e5d-589465ff7248
855,808.95,113.0,67.41,921.95,12,d33c0ba2-fd66-4cd2-a450-e164be0e51fa
856,120.91000000000003,389.0,8.64,509.91,14,e1847574-995f-4251-a364-caa2288c36dc
857,164.29999999999995,888.0,23.47,1052.3,7,b7656c62-0334-4e05-af27-47cff81dd93f
858,45.48000000000002,674.0,3.79,719.48,12,e6c9e914-2ab8-4b97-852f-e16c488ded9c
859,14.740000000000009,1128.0,0.92,1142.74,16,62039d8c-a736-48b9-8852-12268b47c4a7
860,517.56,47.0,172.52,564.56,3,afa8a091-5acd-4a3b-bfbf-c42c492976d8
861,426.59000000000003,286.0,30.47,712.59,14,45a69025-f56c-4673-8cca-dc3f7eb1c927
862,441.8699999999999,687.0,36.82,1128.87,12,351dc6f1-9dc7-447a-9ff0-c014c697d1bd
863,660.27,731.0,110.04,1391.27,6,2d3b11f8-33a0-47f8-9aee-943fbcad9095
864,1046.48,310.0,61.56,1356.48,17,02ecdf9c-dc1c-4094-a882-91d7aebb4427
865,1093.19,331.0,136.65,1424.19,8,2e9cf6bc-59ff-4af0-bd68-af04bbf869d0
866,1160.64,217.0,64.48,1377.64,18,2f77aaeb-81a7-40a9-b61d-4a7c53930312
867,752.19,15.0,57.86,767.19,13,a54d7e51-1ef2-434c-be1c-19190fb89b84
868,815.15,18.0,42.9,833.15,19,5e80628f-b419-479d-bcf9-68281ab5e21d
869,534.27,566.0,133.57,1100.27,4,7e3a125a-6318-4654-aad4-18346bdb06b3
870,21.720000000000027,1388.0,1.45,1409.72,15,a407c5ad-4027-4a48-b9e0-73872d9f573d
871,157.17000000000007,900.0,15.72,1057.17,10,9eed4542-faa2-4298-99f2-f3789255a023
872,617.97,255.0,56.18,872.97,11,3e4d6080-f309-4b6a-9eff-f6240e3304a2
873,352.9200000000001,752.0,117.64,1104.92,3,edf80985-bffa-4ebd-ba16-bb2e686dedc6
874,368.6199999999999,696.0,184.31,1064.62,2,834bf3e8-21f2-4bd0-93ae-83ca3e29f62e
875,229.19000000000005,1098.0,17.63,1327.19,13,75e54a9a-1afe-41f0-b990-5e675ebaec33
876,464.48,565.0,30.97,1029.48,15,6c2c1348-6428-4f65-8609-9e3b7fed0f76
877,711.81,530.0,355.9,1241.81,2,a83c97a6-85bf-4906-8934-6108fe552ae8
878,221.49,279.0,73.83,500.49,3,b12de376-db5d-4772-ac39-d33c5930c34b
879,118.69000000000005,429.0,7.91,547.69,15,d45ca545-cd05-4b6d-a36f-ccf1e98b9145
880,169.40999999999997,667.0,10.59,836.41,16,a29ca776-3a33-4fc7-918a-c113e62a609f
881,384.03,762.0,29.54,1146.03,13,f905e29d-2450-4d64-9a59-1a504b15263d
882,455.6600000000001,924.0,32.55,1379.66,14,9bdb8495-e923-4fa7-88ac-cf14e14cc134
883,427.16999999999996,467.0,53.4,894.17,8,331d0dbe-0ddf-4b17-a3f3-7652f447c704
884,874.74,345.0,62.48,1219.74,14,9315fcac-e817-4056-b0a2-2d5f7d6d5d2a
885,101.47000000000003,664.0,7.81,765.47,13,de4bda0e-00ed-411b-bdf1-1192c330da89
886,665.16,280.0,35.01,945.16,19,7edd2634-6347-4402-92e7-191a51149d29
887,232.98000000000002,1159.0,14.56,1391.98,16,1a12ff1a-1931-4993-9a21-7d233cbb2ca2
888,667.56,2.0,60.69,669.56,11,45548141-8d97-44fb-9a50-7bdf8e2dbf04
889,535.18,53.0,28.17,588.18,19,cf6a9892-9fce-4cca-89a0-1f1f83ee426c
890,337.84,164.0,84.46,501.84,4,c9d326ac-afc9-485e-9b17-f22a81ee3471
891,159.41999999999996,553.0,8.39,712.42,19,4ddadcad-21dc-411c-9382-988eabecf841
892,560.44,494.0,70.06,1054.44,8,bb8c2a2c-29d0-4f5a-80d4-1ac714e3dfc2
893,420.93000000000006,621.0,28.06,1041.93,15,8e09f9da-cce7-4152-9bde-23b087ceb615
894,388.6300000000001,699.0,27.76,1087.63,14,52271fd8-c857-4927-be28-768e5f5fdae9
895,270.62,484.0,15.03,754.62,18,9bfdbab1-05a1-4960-8255-5dd6923fd987
896,568.1,408.0,37.87,976.1,15,09dd2bc6-974a-48c7-a58d-a085ee2e3dde
897,547.87,318.0,49.81,865.87,11,fd4555c4-ab68-4419-8e3f-5b34daa75dbb
898,1301.89,175.0,650.95,1476.89,2,b3db9856-cbfa-456e-9955-e147e1f76329
899,440.8499999999999,907.0,62.98,1347.85,7,d52221e3-5567-476a-b3c4-3d8a1ddceb4e
900,276.59000000000003,547.0,276.59,823.59,1,1fbff0bd-1d9e-49a5-a35a-b56e146dc050
901,231.5,334.0,17.81,565.5,13,0e627eaf-4108-4779-8d89-450ca9d9292e
902,593.29,217.0,118.66,810.29,5,ca5442dc-ce11-4f22-bde3-80120ef7e1ad
903,744.96,608.0,41.39,1352.96,18,c7d0e02a-b0de-45cf-8b95-5d8a48423198
904,718.08,55.0,55.24,773.08,13,75f4b91c-fdcb-4d2f-9700-b4725dd92cd5
905,577.24,339.0,288.62,916.24,2,8cae8255-749d-4276-8b09-d6aff3815264
906,148.77999999999997,1106.0,16.53,1254.78,9,422135fc-0dfb-496e-ba05-c0115a6d68ac
907,1065.75,301.0,62.69,1366.75,17,63effc0c-87c4-43a0-be22-183e3a5e84c1
908,475.52,362.0,237.76,837.52,2,9f310fbe-7a7e-49bd-ad67-04c27cb799f3
909,162.9000000000001,882.0,10.86,1044.9,15,abad8c02-1b74-4913-b825-946c767300d9
910,70.5,923.0,6.41,993.5,11,5dff257d-6247-445c-9031-52dfcdac4669
911,777.51,264.0,43.2,1041.51,18,925b5ab8-7dd6-45d7-94c9-47ed8f729e40
912,8.139999999999986,510.0,0.58,518.14,14,8e944cd4-fdd3-409a-b7f3-2fe3854623bf
913,5.149999999999977,808.0,0.51,813.15,10,0baf33b1-60a7-4443-8b31-65871ab2884c
914,122.85000000000002,592.0,7.23,714.85,17,f74a24e2-7bbc-462d-9005-3dc1abd386dc
915,997.76,213.0,166.29,1210.76,6,b38fdcc4-8965-401a-8697-0a2dcc05e224
916,360.19000000000005,434.0,32.74,794.19,11,d4a2a1e1-9083-440c-904f-16315cdac66c
917,249.29999999999995,444.0,41.55,693.3,6,81a66f41-2b7e-4ce2-82e2-491f77596b0e
918,608.85,240.0,33.83,848.85,18,3ce7ab46-0ab5-47b5-bed9-34b6079f6ddc
919,982.53,441.0,196.51,1423.53,5,dab6e80c-35e1-45f1-9573-41fb363cc1ff
920,157.26999999999998,1265.0,9.83,1422.27,16,129c44bf-8de1-4bf2-a2d9-33b741bf60df
921,367.17999999999995,216.0,21.6,583.18,17,887325ca-a2ac-4076-a7fd-40f196460e29
922,87.88999999999999,592.0,5.17,679.89,17,0df17888-8d61-46dd-8821-9c3817b89701
923,98.77999999999997,739.0,98.78,837.78,1,25194838-94b1-4733-8898-6c24861dae5f
924,574.5,230.0,114.9,804.5,5,4573dc2c-64cb-477e-abce-a6c3a54c56c2
925,166.78999999999996,998.0,23.83,1164.79,7,760768e1-7bd5-4551-a9c4-05cb9edce4b7
926,847.1800000000001,536.0,282.39,1383.18,3,c927bd01-de5f-4680-a5d6-3e250114d757
927,574.4,245.0,33.79,819.4,17,8b615dc0-3dc3-4df3-b08d-0b3a1fb5fa81
928,259.99,431.0,14.44,690.99,18,f5a7c304-47d0-4583-aa6b-aa38228525a4
929,193.26999999999998,473.0,16.11,666.27,12,6e1c9baf-17a6-4d29-af8a-a7ed120dedb1
930,370.27,505.0,46.28,875.27,8,32bbe03d-b449-47d1-b267-5c323ec9cc68
931,30.40000000000009,1370.0,2.03,1400.4,15,3161dff0-f668-47b3-b8c4-62bce5d01483
932,74.46000000000004,699.0,14.89,773.46,5,621c538a-fd9d-4483-880a-1447d2867f96
933,700.24,414.0,46.68,1114.24,15,3d2519d6-8d09-461c-808e-f94712614937
934,542.83,85.0,108.57,627.83,5,d5c31258-3d95-4efb-96bb-e1c9530e8383
935,1061.16,60.0,88.43,1121.16,12,6b189e7c-5c73-40a0-b871-edbecf524873
936,1056.27,351.0,66.02,1407.27,16,fe5213b6-733b-4aea-9898-21156b0f17d2
937,776.97,166.0,48.56,942.97,16,d95998d4-3ff9-4bae-b5c5-64b51499f603
938,598.55,595.0,85.51,1193.55,7,c3966383-7bc5-4156-b7a2-fbce20542f66
939,1013.94,380.0,59.64,1393.94,17,a9abb5a1-8500-49c6-a9b4-a7c9d9922546
940,409.95000000000005,314.0,24.11,723.95,17,4f98e1ae-8af3-4b4d-bed4-144dce3bbe68
941,906.22,30.0,151.04,936.22,6,e15ea0b9-eb41-4212-9725-35a7fa677ca8
942,995.04,358.0,142.15,1353.04,7,24685db8-ea33-4233-bca9-912e03584449
943,10.190000000000055,621.0,0.54,631.19,19,5e01ff3e-41bd-4426-b71f-b52d59719fdb
944,362.45000000000005,1042.0,25.89,1404.45,14,7f88098f-98a6-4768-a31a-ce91037df632
945,661.1600000000001,641.0,220.39,1302.16,3,d7d58c2f-4683-4ee5-897f-9af7278773db
946,188.26,549.0,11.77,737.26,16,6c1342ae-7588-4679-bc4d-6f812acf83eb
947,809.6400000000001,329.0,134.94,1138.64,6,9aafd3df-61af-4cef-a0aa-f67f51802e17
948,403.55999999999995,165.0,21.24,568.56,19,19d67064-c845-4ab8-bd7a-1895d4c495be
949,63.22000000000003,873.0,5.27,936.22,12,7c245bd6-d7d5-4033-aaa6-492b50e315ac
950,534.7,627.0,59.41,1161.7,9,d9f9e4b1-8152-4fd4-a57a-8a7ece300a96
951,778.74,12.0,86.53,790.74,9,41f68393-163a-4ff1-9058-b1b1ecf70e30
952,584.9100000000001,629.0,34.41,1213.91,17,be79cb2c-73da-4084-92db-fe2b93734a39
953,625.4200000000001,500.0,36.79,1125.42,17,7c5c1cca-9897-43d4-b5c6-eec7521cd237
954,462.72,107.0,66.1,569.72,7,3aa93266-b642-406b-bd73-a63885ca9a5b
955,87.24000000000001,886.0,10.9,973.24,8,85efba35-45da-449d-bd2c-251abacc681c
956,162.24,473.0,11.59,635.24,14,4629fe9b-7ff5-4bb0-8f3b-874f0db73353
957,356.1700000000001,984.0,22.26,1340.17,16,a53577a9-5089-40c6-b581-de4644801d16
958,352.87,240.0,32.08,592.87,11,b8437168-7d50-4f7b-a6a9-14fd8c56e7be
959,588.21,239.0,117.64,827.21,5,75604c38-a8aa-4207-99bf-a00ecfb45a6d
960,28.50999999999999,485.0,7.13,513.51,4,993da7e6-793e-4b86-aca2-d515f6d5d517
961,206.48000000000002,1177.0,34.41,1383.48,6,fa078cb7-d393-4812-ac1a-f4c6a16c95a9
962,944.6800000000001,475.0,157.45,1419.68,6,72180019-a258-4476-81e2-f88f0151ed25
963,317.27,629.0,17.63,946.27,18,40762f32-2e8b-4314-8399-e74bbbc9b237
964,865.69,588.0,54.11,1453.69,16,77d47363-dd86-4435-8099-730572475314
965,321.4200000000001,885.0,26.79,1206.42,12,4aef966c-7e8d-42bc-87c2-80d7d95e735b
966,1184.9,270.0,98.74,1454.9,12,ab7f46f9-c564-44c6-a247-194889684727
967,665.8499999999999,525.0,55.49,1190.85,12,44c96b9a-6c3e-4212-a8a1-895f468ea90c
968,587.6300000000001,688.0,195.88,1275.63,3,37bd5a09-0cf5-4532-919c-abccc1feeb5d
969,160.99,847.0,40.25,1007.99,4,3a4527dc-3c15-4fa2-aa83-4f11b9fdda06
970,367.3900000000001,735.0,21.61,1102.39,17,81a25dc3-148e-4221-a503-21c5b59fb7d0
971,935.25,467.0,467.62,1402.25,2,cfc944a9-19f5-4952-b57c-a3666e751111
972,922.49,255.0,61.5,1177.49,15,d97ac7a3-cab5-4b10-9455-6937079e81db
973,230.89,347.0,12.15,577.89,19,a700e46d-a756-4fac-8e89-9b76cc07fa6d
974,547.3,542.0,60.81,1089.3,9,64e92315-894c-4be7-91ae-6e090ab0442a
975,174.19000000000005,1180.0,9.17,1354.19,19,01abd17c-f206-4d07-b003-f8afcc4bbcd1
976,1158.25,34.0,105.3,1192.25,11,0767bd64-a0a9-4c98-bf70-b63d7f7f6dad
977,716.78,32.0,238.93,748.78,3,e2cb8b87-e34c-4ae8-b8ff-bba29a0fdddc
978,21.600000000000023,708.0,21.6,729.6,1,d46780f8-f69c-4941-a678-180ea3adbd41
979,1125.75,141.0,80.41,1266.75,14,82f8dd69-3a47-4be5-bd9f-7b06f5501dad
980,1089.42,3.0,1089.42,1092.42,1,50254aa6-9b3d-4320-828f-49e40ce6e89d
981,102.8599999999999,951.0,7.35,1053.86,14,1ffd3507-32f6-4d5f-a36b-c85ace1a86b9
982,1358.81,7.0,194.12,1365.81,7,9d1d9a11-62dd-4721-af31-0559aee881c5
983,236.39,556.0,33.77,792.39,7,908d3192-f1ec-42a7-8f93-226155b4172e
984,310.28,191.0,103.43,501.28,3,c5ca3491-23b6-4688-807c-4fdb5c5b64aa
985,275.64,355.0,34.46,630.64,8,b74fcb5a-3551-4b80-935a-0c36f3036ca6
986,169.71000000000004,621.0,24.24,790.71,7,bb506ca9-ab40-4f8c-8474-f79aebc3abb6
987,455.9,152.0,35.07,607.9,13,e9ce3249-0ed3-42a1-a390-1b6c8b7fe946
988,550.98,121.0,275.49,671.98,2,b0b7b5fa-bee6-4704-a05c-fecb491510cc
989,548.3499999999999,554.0,45.7,1102.35,12,f797b914-9d5e-4bf5-93e3-101db269ec8b
990,473.35,28.0,236.68,501.35,2,aaed7ebf-1186-4fe3-aae6-27071b93f490
991,685.99,579.0,228.66,1264.99,3,6dda1a77-49f7-4f03-9d43-bb02d1335f59
992,597.9000000000001,870.0,45.99,1467.9,13,58861297-642f-4ddb-ae5b-a6e704ea503c
993,243.49,727.0,40.58,970.49,6,9c202ad8-1dfe-465c-8cae-d6344253e1d0
994,52.08000000000004,962.0,3.47,1014.08,15,762280fd-3dac-4fe3-9159-8ed79a8db5f9
995,317.03,421.0,28.82,738.03,11,e29c3369-a6f4-44e5-a6f0-4b17e5d6ee7f
996,293.0,1146.0,29.3,1439.0,10,07259e2c-0573-48fc-afca-93e08e728200
997,693.54,470.0,43.35,1163.54,16,319b4ab1-0d89-4459-8091-665c61ef5a41
998,633.1,72.0,42.21,705.1,15,ae03d1fa-a9f9-4d78-aa66-b9619464f45b
999,110.77999999999997,472.0,27.69,582.78,4,9b15e8a2-6ed3-4cf5-86e0-1b3d3c43196a
1000,839.51,256.0,83.95,1095.51,10,5970d55c-bcbc-4031-b798-c06610305e9a
